sep=;
Date;Bid;Ask;Opening price;High price;Low price;Closing price;Average price;Total volume;Turnover;Trades;
2019-10-01;189,32;189,38;191,00;192,46;188,94;190,08;190,29;4095376;779320419,71;11108;
2019-09-30;190,80;190,84;192,00;192,24;190,34;190,84;191,018;2874394;549246781,35;8281;
2019-09-27;192,20;192,30;189,50;194,86;189,36;192,06;192,493;2962613;570308464,79;8518;
2019-09-26;189,10;189,20;187,28;189,76;186,94;189,12;189,042;1640310;310083908,05;5267;
2019-09-25;187,86;187,88;187,34;187,90;185,74;187,70;186,91;2916442;531685853,23;6177;
2019-09-24;187,86;187,94;187,00;188,50;186,58;187,34;187,472;2194437;410196509,12;4584;
2019-09-23;186,20;186,26;188,86;188,90;185,22;186,50;186,512;2664389;495475922,82;7211;
2019-09-20;189,50;189,56;189,82;190,50;188,52;189,02;189,185;3909797;739685235,39;6472;
2019-09-19;189,20;189,30;187,20;189,48;186,96;189,12;188,752;2764735;521853417,29;7126;
2019-09-18;187,42;187,50;185,90;187,80;185,54;187,20;187,016;1602646;299719161,46;3951;
2019-09-17;186,18;186,24;185,10;188,64;184,66;185,90;186,523;3409944;635998069,22;8535;
2019-09-16;184,30;184,36;187,00;188,06;182,86;184,90;185,159;5500942;1018574132,93;14550;
2019-09-13;189,86;189,96;189,62;190,26;187,92;190,24;189,611;2639865;500526535,35;6935;
2019-09-12;189,36;189,46;188,66;190,14;187,68;189,62;189,10;4247552;803198378,37;10076;
2019-09-11;188,14;188,20;193,28;193,28;187,90;188,48;189,926;3227760;613075590,31;9004;
2019-09-10;192,50;192,58;188,82;192,90;188,82;192,90;191,856;3888527;746062211,36;10209;
2019-09-09;188,80;188,86;191,10;191,70;188,20;189,00;189,575;2515095;476825174,23;6826;
2019-09-06;190,92;191,00;187,84;191,44;187,32;191,10;190,157;3156040;600182626,31;8161;
2019-09-05;187,22;187,30;186,48;187,76;184,00;187,38;186,319;3013618;561490289,01;8561;
2019-09-04;185,48;185,60;187,54;188,32;185,02;185,54;186,439;2255279;420442299,23;6797;
2019-09-03;185,92;186,02;185,00;186,44;180,40;186,44;184,916;2915368;539054770,16;8744;
2019-09-02;185,82;185,92;187,82;188,64;185,56;186,06;186,563;2015729;376051159,38;6931;
2019-08-30;187,26;187,32;187,50;191,10;186,54;187,98;188,577;3661595;690512760,14;10885;
2019-08-29;187,46;187,52;188,24;190,10;183,90;187,46;187,558;4901525;919311016,4;14329;
2019-08-28;188,70;188,80;185,64;189,48;185,02;188,24;188,14;7585788;1427083941,66;18054;
2019-08-27;180,60;180,68;180,20;180,94;178,42;180,30;180,167;2271539;409264889,24;5229;
2019-08-26;180,40;180,48;176,26;180,80;175,62;179,98;179,03;2906243;520272129,59;8650;
2019-08-23;178,02;178,10;179,30;180,92;177,62;177,94;179,136;2956511;529663842,91;9378;
2019-08-22;178,60;178,70;177,68;180,38;177,10;178,66;178,852;3763203;672745828,64;9506;
2019-08-21;177,58;177,64;175,22;178,46;175,22;177,60;177,416;2963748;525841914,55;8419;
2019-08-20;175,94;176,02;175,00;177,40;174,98;175,22;175,79;4134967;725176615,65;11851;
2019-08-19;175,16;175,18;169,44;175,84;169,40;174,82;173,222;4699920;814435638,72;11715;
2019-08-16;168,58;168,68;165,98;169,16;165,52;168,42;168,213;2890797;486236894,63;8171;
2019-08-15;165,30;165,42;166,54;167,64;163,18;165,60;165,534;3209436;531269238,65;8824;
2019-08-14;166,54;166,58;171,74;171,76;166,30;166,46;167,704;2952973;495232757,14;7787;
2019-08-13;171,68;171,78;168,98;174,18;168,02;171,62;170,613;4298902;733033197,28;14386;
2019-08-12;169,46;169,54;170,44;172,26;168,90;169,30;169,895;1845049;313476254,65;6314;
2019-08-09;169,96;170,06;169,70;171,54;169,18;170,28;170,321;2531473;431161151,9;7542;
2019-08-08;169,70;169,78;167,32;171,20;167,32;169,70;169,629;3353588;568847358,9;9477;
2019-08-07;165,44;165,52;164,00;166,34;163,44;165,30;165,163;2450519;404736032,59;7659;
2019-08-06;163,16;163,24;163,50;165,46;161,86;163,14;163,561;2344957;383581053,43;7567;
2019-08-05;163,56;163,64;165,96;165,96;162,50;163,80;163,796;3334696;546180149,1;9254;
2019-08-02;166,86;167,00;169,00;169,76;166,32;166,90;167,707;3490514;585419978,09;10092;
2019-08-01;173,14;173,22;168,12;174,10;167,70;172,82;172,475;3117572;537677783,14;9507;
2019-07-31;168,82;168,86;167,54;169,82;167,08;168,66;168,85;1864548;314831566;5482;
2019-07-30;167,96;168,00;170,88;170,88;167,22;168,00;168,666;2022834;341216942,14;6020;
2019-07-29;170,30;170,36;170,16;171,90;168,50;170,32;170,461;2036334;347091539,07;5285;
2019-07-26;170,24;170,32;169,50;170,94;168,70;170,46;170,362;1608098;273957267,85;3773;
2019-07-25;168,62;168,68;168,54;170,42;167,48;169,28;169,097;1990701;336616406,29;4805;
2019-07-24;168,10;168,16;169,58;169,64;167,54;168,04;168,131;1621327;272601338,52;3463;
2019-07-23;169,30;169,38;169,00;170,22;168,22;169,30;169,446;1847709;313048887,82;4443;
2019-07-22;168,30;168,40;168,60;171,34;167,90;168,36;169,45;2817584;476039818,28;5743;
2019-07-19;168,56;168,66;166,98;168,92;166,62;168,68;168,20;1944535;327067740,44;5210;
2019-07-18;166,80;166,86;168,18;168,18;165,48;166,62;166,669;2120352;353405691,92;6327;
2019-07-17;168,18;168,26;169,86;171,14;168,16;168,16;169,148;2240490;379133151,97;5321;
2019-07-16;169,54;169,60;169,50;170,66;168,68;169,78;169,897;1667629;283320483,14;4688;
2019-07-15;169,44;169,48;170,00;170,40;168,42;169,50;169,446;1649863;279586910,88;4915;
2019-07-12;169,80;169,86;170,00;171,40;169,48;170,00;170,142;2035558;346336832,66;6421;
2019-07-11;169,98;170,02;170,00;171,34;169,62;170,04;170,298;1727428;294178986,4;4759;
2019-07-10;169,82;169,92;169,70;171,60;168,70;170,00;170,221;3111413;529643245,57;6906;
2019-07-09;169,94;170,00;169,72;171,94;168,98;169,70;170,379;3724744;634611038,52;9757;
2019-07-08;169,56;169,60;168,10;170,16;168,10;169,60;169,529;2827793;479340826,54;7290;
2019-07-05;167,88;167,96;167,42;168,36;165,52;168,12;167,48;2688846;450316363,85;6605;
2019-07-04;165,44;165,52;165,50;166,78;164,82;165,96;165,842;1508468;250158987,41;3854;
2019-07-03;165,82;165,86;167,52;168,20;165,54;165,54;166,345;2840717;472637345,8;6182;
2019-07-02;167,28;167,34;166,34;168,42;165,10;167,18;167,291;4435615;742059787,39;10294;
2019-07-01;165,26;165,34;167,66;168,14;164,20;166,00;165,794;3819276;633187896,93;10055;
2019-06-28;165,34;165,42;165,00;170,34;163,84;165,36;166,79;7490661;1249381337,58;18280;
2019-06-27;165,48;165,56;155,00;165,88;155,00;165,00;161,444;15001364;2421466338,71;34297;
2019-06-26;145,26;145,34;145,00;146,24;144,06;145,16;145,143;2633990;382308893,99;6363;
2019-06-25;145,34;145,40;146,42;147,06;145,18;145,18;145,754;2184574;318427820,76;6105;
2019-06-24;146,76;146,80;146,74;149,32;146,60;146,66;147,311;3188790;470491444,84;7487;
2019-06-20;146,74;146,82;148,54;149,18;146,18;147,16;147,279;5607187;825819809,31;11848;
2019-06-19;147,16;147,22;150,50;150,62;147,16;147,36;148,159;3958768;586618164,36;8011;
2019-06-18;150,58;150,62;147,80;151,14;146,64;150,50;149,843;3639331;545336816,39;7421;
2019-06-17;147,50;147,52;155,00;155,44;146,76;148,04;149,867;6792164;1017974439,66;16686;
2019-06-14;154,08;154,12;152,00;154,96;150,14;154,04;153,361;2964870;454629792,36;7034;
2019-06-13;151,76;151,80;152,54;153,16;150,92;152,02;152,173;3179364;483852404,98;6755;
2019-06-12;152,48;152,54;150,88;153,26;150,56;152,68;152,347;2439137;371570541,44;6123;
2019-06-11;151,22;151,30;150,00;151,50;148,94;151,50;150,842;3058685;461091684,26;5838;
2019-06-10;149,96;150,00;149,76;151,34;149,68;150,28;150,196;1439381;216190125,6;3127;
2019-06-07;149,06;149,14;147,18;150,38;147,18;149,44;149,303;3599796;537449634,01;8130;
2019-06-05;147,14;147,18;145,86;147,66;145,12;147,66;147,085;3801264;558972523,65;7196;
2019-06-04;146,34;146,38;142,82;146,82;141,52;146,66;145,347;4217775;613002304,11;8790;
2019-06-03;143,22;143,28;141,60;143,72;140,06;143,72;142,554;3737586;532889543,48;7154;
2019-05-31;142,00;142,08;148,38;148,64;141,50;142,00;142,896;7348398;1050128379,48;17321;
2019-05-29;150,22;150,26;150,08;151,12;149,88;150,00;150,176;1688917;253643268,89;3948;
2019-05-28;151,86;151,90;150,90;152,50;149,40;151,90;151,712;9134903;1385757393,31;6699;
2019-05-27;150,88;150,96;151,66;151,90;149,86;150,90;150,591;1608209;242177338,88;4564;
2019-05-24;150,46;150,52;148,08;151,42;147,82;150,50;150,221;5047059;758145566,59;9591;
2019-05-23;147,82;147,86;152,26;152,44;147,78;148,06;149,676;4954788;741755776,41;11030;
2019-05-22;153,38;153,44;156,00;156,28;152,80;153,64;153,95;4416658;679940685,82;10044;
2019-05-21;155,02;155,04;156,40;156,40;154,36;155,80;155,535;4019593;625176832,89;6784;
2019-05-20;155,22;155,26;160,00;160,30;155,00;155,42;156,317;2964617;463654639,51;7128;
2019-05-17;159,94;159,96;159,50;160,50;157,10;160,00;159,046;3561544;566428186,59;9317;
2019-05-16;159,62;159,66;157,76;160,00;157,02;159,90;158,788;3863610;612779495,69;6923;
2019-05-15;157,74;157,78;158,22;158,60;156,90;158,00;157,625;2556665;402968723,54;7155;
2019-05-14;157,24;157,28;155,00;157,58;153,52;157,46;156,388;7338962;1145878831,06;9318;
2019-05-13;155,34;155,40;158,90;158,90;154,88;155,02;155,763;2635853;410585021,13;5849;
2019-05-10;158,88;158,96;159,72;160,02;158,20;158,96;159,031;2325100;369769481,75;5531;
2019-05-09;158,18;158,22;160,00;161,96;157,94;158,74;159,365;3017919;480986799,55;7592;
2019-05-08;161,84;161,88;162,00;163,18;160,70;161,98;161,817;3613192;580125716,3;7610;
2019-05-07;166,64;166,68;168,06;169,42;165,72;166,44;167,467;3317267;555512344,4;8664;
2019-05-06;168,18;168,20;168,32;168,56;164,74;167,90;167,03;2265848;378448012,79;6131;
2019-05-03;170,42;170,46;167,88;171,24;167,04;169,96;169,898;3399999;577689694,22;8851;
2019-05-02;167,78;167,84;165,56;168,36;165,40;168,06;167,271;3777264;631796019,34;8682;
2019-04-30;166,32;166,38;166,00;168,40;165,58;165,58;166,207;1903112;316315049;3544;
2019-04-29;166,60;166,64;167,76;167,76;165,52;166,40;166,365;2340853;389438003,56;5148;
2019-04-26;167,42;167,46;167,46;168,60;166,34;167,76;167,573;2384547;399581009,2;5579;
2019-04-25;167,20;167,28;164,50;167,82;164,14;167,46;166,757;3516806;586445355,82;7826;
2019-04-24;164,02;164,06;165,96;166,20;163,36;164,48;164,544;3493101;574742802,7;8557;
2019-04-23;165,06;165,12;167,50;167,64;164,30;165,00;165,184;3488871;576341201,94;7748;
2019-04-18;167,18;167,22;164,68;167,64;164,42;167,16;166,76;1968447;320527001,32;3643;
2019-04-17;165,10;165,14;164,24;166,20;163,64;165,52;165,037;2423983;400036607,12;5640;
2019-04-16;163,78;163,80;162,52;164,86;162,50;164,30;164,066;3283409;538691923,39;6469;
2019-04-15;162,72;162,78;162,18;163,22;161,10;162,52;162,473;3200923;519959447,5;6026;
2019-04-12;161,86;161,94;162,00;162,48;160,26;162,18;161,604;3298877;533371560,92;6146;
2019-04-11;162,12;162,16;162,94;163,82;161,88;161,94;162,488;2910014;472908094,64;6326;
2019-04-10;163,12;163,22;161,60;164,06;161,40;163,12;163,045;2639175;430300560,08;6247;
2019-04-09;162,28;162,34;165,94;168,50;161,90;161,90;164,719;6433989;1060759888,43;14202;
2019-04-08;164,92;164,96;162,06;165,54;161,00;164,94;164,356;4239010;696418029,51;8984;
2019-04-05;162,96;163,04;162,90;163,92;162,00;162,42;162,72;3062267;498303430,35;6803;
2019-04-04;162,14;162,22;159,00;163,52;158,78;162,50;162,058;6453780;1045952378,13;13161;
2019-04-03;158,70;158,74;154,54;159,42;154,54;159,00;158,144;4942136;781198108,5;9055;
2019-04-02;154,02;154,10;154,46;155,34;153,64;154,50;154,567;4276287;660913693,39;8412;
2019-04-01;154,06;154,12;155,00;155,62;151,66;154,46;153,86;6038562;928939180,54;14329;
2019-03-29;154,54;154,60;160,00;163,80;154,12;155,00;158,391;19855550;3144782781,64;46327;
2019-03-28;141,28;141,34;140,00;141,96;139,14;141,48;140,949;4572337;644437427,07;9818;
2019-03-27;140,18;140,24;137,00;140,32;136,78;140,00;139,24;3689857;513770904,75;7618;
2019-03-26;136,76;136,80;137,86;137,98;136,70;137,20;137,242;3846837;527950372,82;7364;
2019-03-25;137,94;137,98;135,50;138,04;133,90;137,88;136,74;3256199;445266677,33;9364;
2019-03-22;136,04;136,08;136,98;137,08;135,78;136,08;136,272;2997144;408416550,25;8040;
2019-03-21;136,68;136,74;138,88;139,28;136,38;136,98;137,386;3027769;415999013,3;6942;
2019-03-20;138,96;139,02;138,58;139,86;138,14;138,88;138,995;2621601;364389285,47;5508;
2019-03-19;138,88;138,90;137,30;139,74;136,70;138,52;138,721;3619136;502230830,53;7781;
2019-03-18;137,28;137,30;136,00;138,84;135,50;137,50;137,436;6190399;853862371,78;9895;
2019-03-15;136,04;136,08;145,00;145,00;134,58;136,00;136,809;15037041;2057195613,49;32404;
2019-03-14;142,66;142,70;139,00;143,24;138,66;143,04;142,11;5366914;762664111,83;11322;
2019-03-13;137,90;137,92;135,42;138,58;134,32;138,20;137,178;3450650;473337280,58;7049;
2019-03-12;135,48;135,52;138,40;138,80;135,30;135,42;136,333;2881088;392788377,32;6248;
2019-03-11;138,00;138,08;136,30;138,38;136,10;137,98;137,63;3078161;423642802,69;6333;
2019-03-08;136,00;136,06;135,20;136,28;135,20;135,90;135,872;2105229;286041597,77;4988;
2019-03-07;135,72;135,76;134,88;136,82;133,46;136,16;135,73;3638883;494036947,23;6124;
2019-03-06;135,22;135,30;136,76;137,26;134,96;135,24;135,562;4101604;556022856,14;9194;
2019-03-05;137,54;137,56;136,38;137,62;134,58;137,42;136,205;3241002;441367618,67;7309;
2019-03-04;136,44;136,48;138,00;139,76;136,38;136,38;137,144;4437603;608652878,32;7236;
2019-03-01;137,92;138,00;139,00;139,66;137,32;138,00;138,288;4861780;672500870,86;9374;
2019-02-28;139,90;139,92;138,00;139,96;137,82;139,78;139,422;2795598;389763910,5;4870;
2019-02-27;138,46;138,52;139,38;139,60;138,10;138,36;138,668;2045661;283672840,21;4303;
2019-02-26;139,76;139,80;137,92;140,76;137,36;139,54;139,486;3668028;511625936,14;7952;
2019-02-25;138,72;138,76;140,02;140,80;137,20;138,26;138,35;3081058;426283020,8;6668;
2019-02-22;140,30;140,36;139,94;141,24;139,74;139,96;140,271;2318440;325215112,19;4439;
2019-02-21;139,84;139,90;139,94;141,08;139,36;139,64;140,049;3647957;510912934,58;6310;
2019-02-20;140,18;140,28;138,18;140,62;138,04;139,94;139,563;3431634;478853937,53;6550;
2019-02-19;138,10;138,14;137,30;138,84;137,30;138,00;138,016;2745987;378990783,62;5402;
2019-02-18;137,22;137,30;135,00;137,64;134,72;137,04;136,394;3252618;444246435,5;6747;
2019-02-15;136,04;136,08;137,48;138,30;135,92;136,38;136,644;5697229;778466982,29;9814;
2019-02-14;138,54;138,58;141,80;141,98;138,20;138,42;139,44;3586661;500234160,01;6863;
2019-02-13;141,50;141,52;142,12;142,48;140,84;141,30;141,461;1943845;274983264,37;4310;
2019-02-12;141,72;141,74;141,00;142,68;140,60;141,64;141,633;4549858;643964135,62;7059;
2019-02-11;140,10;140,14;138,00;140,46;137,74;140,42;139,858;3193267;446584745,52;6753;
2019-02-08;137,40;137,46;137,00;138,70;135,98;137,50;137,161;6031584;828114167,44;10511;
2019-02-07;137,76;137,84;141,80;142,24;137,30;137,54;138,646;8745334;1213219330,12;10438;
2019-02-06;141,84;141,92;145,02;145,84;141,66;141,90;143,074;5452046;782644577,89;8211;
2019-02-05;145,48;145,52;141,76;145,90;141,76;145,66;145,001;4728353;685594083,06;10111;
2019-02-04;141,54;141,62;140,32;143,08;139,80;141,50;141,292;3864020;545889056,2;8306;
2019-02-01;140,90;140,96;139,02;141,42;136,62;141,00;140,05;6958143;974810257,52;12358;
2019-01-31;139,80;139,86;132,96;141,78;131,26;140,60;137,633;14950851;2057155458,43;33172;
2019-01-30;137,64;137,72;138,54;138,84;136,04;137,60;137,094;3774113;517399658,92;9370;
2019-01-29;138,66;138,74;133,44;139,12;133,24;138,94;137,848;5030157;693377257,37;10220;
2019-01-28;133,02;133,06;134,24;137,58;133,00;133,20;134,695;4238450;570953334,04;9172;
2019-01-25;134,20;134,26;134,50;136,12;133,12;134,24;134,381;2714842;364815525,26;6085;
2019-01-24;133,40;133,44;133,14;134,90;132,80;134,16;134,055;2690922;360722919,05;5488;
2019-01-23;133,54;133,58;134,40;134,46;132,50;133,14;133,437;3634048;484925306,66;6560;
2019-01-22;134,50;134,54;133,48;136,00;133,24;134,86;134,866;1873591;252835615,53;4118;
2019-01-21;134,64;134,68;136,68;136,68;134,24;134,56;134,766;2395736;322905606,33;4153;
2019-01-18;136,16;136,20;134,22;137,46;134,20;136,74;136,581;4719543;644595040,44;9490;
2019-01-17;133,98;134,04;133,50;134,22;132,20;134,10;133,612;2555506;341434335,32;6029;
2019-01-16;133,24;133,30;131,20;135,16;131,14;133,70;133,614;3552398;474638653;6118;
2019-01-15;131,16;131,22;132,20;133,40;130,50;131,18;131,48;3622707;476319995,31;8272;
2019-01-14;131,90;131,96;134,06;136,26;131,90;132,06;133,029;5114118;680392419,48;10488;
2019-01-11;134,72;134,80;135,42;136,24;133,14;134,84;134,70;2535736;341563899,36;5560;
2019-01-10;134,88;134,90;133,46;137,26;133,00;135,18;135,271;4967667;671982207,81;11020;
2019-01-09;134,24;134,28;134,00;135,10;132,36;134,48;133,801;3557171;475949069,29;7803;
2019-01-08;133,52;133,58;130,60;135,34;129,88;133,90;133,82;5367076;718202575,21;11945;
2019-01-07;130,44;130,46;130,50;131,12;128,74;130,58;129,925;3067542;398543942,28;6795;
2019-01-04;130,24;130,30;126,80;130,88;126,80;130,48;129,55;4189054;542630589,52;8843;
2019-01-03;126,52;126,56;127,24;130,26;126,14;126,20;127,526;4714876;601305509,19;11042;
2019-01-02;127,10;127,14;125,50;129,16;123,50;127,06;127,128;4743927;603089378,8;11324;
2018-12-28;126,34;126,38;125,20;127,16;125,20;126,02;126,267;6398445;807918419,57;12440;
2018-12-27;124,90;124,94;128,76;129,50;124,12;125,02;126,018;7077249;896318455,02;16463;
2018-12-21;128,76;128,78;130,34;131,28;128,00;128,60;128,946;10791790;1391580269,93;17315;
2018-12-20;132,10;132,14;134,94;135,00;131,74;131,74;132,866;5703475;757854824,99;11182;
2018-12-19;136,22;136,26;137,60;139,10;135,60;136,12;137,176;6220711;853431869,37;12134;
2018-12-18;138,64;138,72;142,00;143,50;138,40;138,62;140,379;7288700;1023275488,69;13935;
2018-12-17;142,90;142,96;156,12;156,78;139,42;142,80;144,681;13433029;1943805969,31;34508;
2018-12-14;156,16;156,20;153,00;156,98;151,50;156,12;154,977;4988086;773006544,52;11485;
2018-12-13;154,92;154,98;158,24;159,04;154,66;155,20;156,493;4188813;655483714,3;9701;
2018-12-12;157,92;157,94;162,00;162,00;156,04;158,24;158,026;6893748;1089390897,05;14816;
2018-12-11;163,28;163,32;158,58;164,88;158,58;163,12;163,315;5394279;881037683,6;10396;
2018-12-10;158,32;158,36;158,00;159,86;157,16;158,10;158,393;3600144;570236100,75;8660;
2018-12-07;158,68;158,74;157,24;161,10;157,02;159,04;159,348;4134962;658893014,82;8803;
2018-12-06;157,40;157,44;162,00;162,20;157,08;157,08;158,494;3870148;613424723,53;9065;
2018-12-05;163,04;163,08;162,58;164,74;161,20;162,74;163,017;2916745;475478804,73;7149;
2018-12-04;163,58;163,60;163,82;165,40;163,20;163,28;163,883;3625908;594179173,13;7814;
2018-12-03;163,74;163,78;170,00;170,00;163,30;164,26;165,075;4255135;702365761,44;10058;
2018-11-30;167,66;167,70;168,90;170,36;167,62;167,64;168,286;5263765;885941936,57;7745;
2018-11-29;168,90;168,96;168,66;170,16;167,20;169,56;169,144;3690739;624379345,91;7351;
2018-11-28;167,96;168,00;167,08;168,30;165,02;168,30;167,53;3599068;602944538,36;7751;
2018-11-27;167,06;167,10;165,00;167,90;164,84;167,08;166,829;3729895;622255371,16;8645;
2018-11-26;164,72;164,78;166,50;167,32;163,64;165,00;165,345;3755783;620977522,01;9730;
2018-11-23;166,42;166,48;165,78;167,52;165,32;166,66;166,429;2703943;450012949,94;7159;
2018-11-22;166,20;166,24;165,50;167,20;164,16;166,20;166,11;4634505;769812692,6;12041;
2018-11-21;165,00;165,04;159,54;165,90;159,40;165,48;163,639;6452640;1055884054,34;13664;
2018-11-20;158,96;159,04;159,56;162,44;158,44;159,44;159,978;5483706;877307151,88;16729;
2018-11-19;160,50;160,52;159,74;161,74;159,40;160,52;160,624;4793824;769791267,49;12373;
2018-11-16;159,42;159,48;156,60;160,24;155,62;159,34;158,596;5115714;811299671,63;12867;
2018-11-15;155,98;156,04;156,70;157,28;153,46;156,00;155,515;5090117;791308600,44;11776;
2018-11-14;155,62;155,68;153,78;157,20;153,30;156,00;155,656;3472048;540436683,31;8219;
2018-11-13;154,52;154,58;152,48;154,84;151,96;154,38;153,795;3491688;537002560,83;8118;
2018-11-12;152,80;152,86;155,42;156,10;152,32;152,58;153,97;4726839;726435608,1;12067;
2018-11-09;159,10;159,14;159,40;160,44;158,50;159,04;159,405;3828854;610348533,98;8240;
2018-11-08;159,14;159,20;160,68;161,08;158,58;159,20;159,741;2838910;453493203,41;7534;
2018-11-07;159,64;159,70;156,30;160,68;156,30;159,94;158,957;5364542;852703801,86;11486;
2018-11-06;156,00;156,06;160,00;160,00;155,54;156,02;156,283;4691322;733141637,27;8698;
2018-11-05;159,98;160,04;159,52;161,16;157,60;160,14;159,785;3711841;593104212,48;9871;
2018-11-02;160,14;160,18;160,12;160,70;158,40;160,34;159,632;1732717;276582437,74;4020;
2018-11-01;158,64;158,72;161,58;161,58;157,56;158,82;159,108;4582462;728943711,07;8867;
2018-10-31;161,48;161,52;161,74;163,68;160,56;161,74;161,958;4452050;721049330,27;8518;
2018-10-30;160,54;160,58;158,68;161,06;157,90;160,40;159,74;3188424;509328673,12;7169;
2018-10-29;158,40;158,46;156,26;160,32;155,76;158,68;158,524;3357100;532219749,51;7883;
2018-10-26;156,28;156,34;158,84;158,96;155,44;156,26;156,72;4329469;678520656,61;9744;
2018-10-25;159,56;159,62;158,98;160,24;158,04;159,60;159,332;3762222;599439271,32;9542;
2018-10-24;160,34;160,38;159,00;163,28;158,58;160,16;160,81;4927511;793221340,62;9622;
2018-10-23;158,94;158,98;162,76;162,80;157,52;158,46;159,445;5225203;833185997,95;9200;
2018-10-22;163,08;163,14;163,98;165,70;162,74;162,88;163,851;4595217;751008128,57;8352;
2018-10-19;163,94;163,96;161,70;165,44;161,20;163,50;163,329;4826780;788351887,61;10025;
2018-10-18;161,86;161,90;164,62;165,26;160,76;161,70;162,221;3844798;623740382,01;8921;
2018-10-17;164,34;164,36;165,38;166,66;162,80;163,98;164,254;3399657;558412410,11;8836;
2018-10-16;164,28;164,32;162,88;164,66;160,30;164,66;163,605;3673461;600984410,35;8656;
2018-10-15;162,70;162,76;159,78;163,00;158,24;163,00;161,724;4134315;668593909,09;8774;
2018-10-12;160,32;160,34;163,00;164,30;159,96;159,96;161,467;5278753;852359537,55;11023;
2018-10-11;162,76;162,82;168,78;169,88;162,00;162,30;164,717;9217674;1518355227,59;18775;
2018-10-10;171,18;171,24;170,22;173,00;169,66;170,96;171,446;5269956;903073820,4;9478;
2018-10-09;169,78;169,80;169,46;170,84;167,68;169,68;169,214;3695182;625267103,91;7574;
2018-10-08;169,36;169,40;168,98;170,40;167,76;169,36;169,307;3267153;552921486,83;8002;
2018-10-05;169,06;169,12;169,00;171,50;168,00;168,98;169,345;4909105;831350866,84;11341;
2018-10-04;168,78;168,84;168,00;168,86;165,80;168,28;167,452;4609651;771849235,39;10110;
2018-10-03;168,38;168,42;162,52;169,22;162,48;168,22;166,858;7151340;1193272212,84;15036;
2018-10-02;162,90;162,94;163,00;164,22;162,06;162,70;163,052;4473340;729406384,67;8575;
2018-10-01;163,26;163,30;163,00;163,94;161,32;163,42;163,192;4940872;804098705,57;10500;
2018-09-28;164,70;164,76;163,66;165,58;161,32;164,24;163,911;9226673;1512229048,97;20785;
2018-09-27;164,96;165,02;156,10;167,80;156,00;165,00;163,312;27292210;4456654321;63479;
2018-09-26;148,58;148,60;147,74;149,44;146,38;148,48;148,093;6209262;919566323,85;12374;
2018-09-25;147,76;147,84;148,54;149,34;146,20;147,74;147,546;4958222;731576618,21;10368;
2018-09-24;148,64;148,68;145,00;149,80;145,00;148,48;148,718;9140144;1358468155;17594;
2018-09-21;144,84;144,88;143,10;145,56;142,72;145,00;144,605;8758484;1267102077,55;12063;
2018-09-20;142,50;142,54;141,00;143,10;140,58;142,72;142,314;4654341;662364926,61;9876;
2018-09-19;141,30;141,34;142,00;142,66;140,76;141,40;141,577;5571097;788636104,31;9864;
2018-09-18;141,80;141,88;141,14;146,50;139,80;141,88;142,932;10936641;1563365302,21;26930;
2018-09-17;143,48;143,56;134,04;145,62;131,98;143,64;139,562;29272405;4085134706,38;68701;
2018-09-14;123,26;123,28;122,78;123,30;121,70;123,16;122,632;2746772;336837762,53;6087;
2018-09-13;122,86;122,92;123,00;123,00;121,32;122,72;122,38;3039912;372023005,36;6548;
2018-09-12;123,30;123,36;121,74;123,38;121,18;123,34;122,726;3201452;392894579,93;7352;
2018-09-11;121,34;121,38;122,76;123,20;120,62;121,34;121,321;3337707;404935277,2;7382;
2018-09-10;123,16;123,22;120,86;123,58;120,50;122,82;122,631;2901162;355791143,32;6339;
2018-09-07;121,36;121,40;123,00;123,22;120,98;121,28;121,902;3666711;446993917,99;8876;
2018-09-06;123,20;123,24;122,10;123,94;121,76;123,12;123,092;3054711;376010693,98;6858;
2018-09-05;122,66;122,70;121,70;123,40;121,30;122,32;122,272;4671986;571219090,41;9145;
2018-09-04;122,28;122,34;123,94;124,12;121,00;122,06;122,406;4773302;584319984,37;11328;
2018-09-03;124,08;124,12;122,80;124,60;122,80;123,96;123,87;4258803;528234172,79;7429;
2018-08-31;123,24;123,26;123,68;124,66;122,80;123,22;123,564;5477356;676811031,39;11724;
2018-08-30;124,18;124,20;131,20;131,56;124,04;124,18;126,584;9632597;1222879375,75;18702;
2018-08-29;131,26;131,28;131,36;134,06;130,92;131,26;132,142;9519737;1262243799,2;9266;
2018-08-28;130,66;130,68;132,94;133,24;130,50;131,02;131,594;6867323;904885535,34;9924;
2018-08-27;132,74;132,80;130,62;133,24;130,56;132,94;132,613;2936154;389375832,84;6907;
2018-08-24;130,40;130,44;130,00;130,62;129,44;130,62;130,158;1913471;249028195,43;5216;
2018-08-23;130,24;130,28;129,54;131,30;129,30;130,20;130,241;2617526;340901412,79;5813;
2018-08-22;129,82;129,90;128,28;129,90;127,78;129,78;129,079;2848710;367695763,88;5961;
2018-08-21;128,46;128,50;127,10;128,54;127,10;128,32;128,134;4394411;563067746,33;6117;
2018-08-20;127,50;127,54;129,00;129,12;127,32;127,60;127,878;3802584;486813731,43;8581;
2018-08-17;128,96;129,00;127,00;129,12;126,66;129,10;128,311;7759606;995298474,19;10283;
2018-08-16;127,04;127,08;126,26;127,14;125,96;127,04;126,762;3100245;392988930,54;6842;
2018-08-15;126,00;126,06;128,72;130,38;125,92;125,98;127,671;4873351;622453588,4;10921;
2018-08-14;128,72;128,78;128,64;129,32;128,02;128,76;128,64;2680640;344840263,95;6762;
2018-08-13;128,50;128,54;130,32;130,32;127,80;128,40;128,499;5220543;670841101,01;10050;
2018-08-10;130,60;130,62;133,58;134,54;130,14;130,42;131,504;4332274;569724358,22;8767;
2018-08-09;133,50;133,56;133,70;133,96;132,90;133,58;133,477;3036431;405286845,04;6218;
2018-08-08;133,58;133,62;132,46;133,70;132,04;133,54;133,11;2267631;301840939,26;5808;
2018-08-07;132,26;132,30;132,14;132,58;131,00;132,44;132,00;2762491;364634541,25;7206;
2018-08-06;132,44;132,48;133,00;133,92;131,72;132,32;132,581;2752081;364881287,6;7739;
2018-08-03;132,90;132,94;131,82;133,16;131,70;133,16;132,747;2156462;286260048,21;5458;
2018-08-02;131,70;131,76;133,00;133,04;131,38;131,50;131,85;3643251;480363721,78;8202;
2018-08-01;132,94;132,98;136,52;136,76;132,68;133,26;133,675;4874450;651586924,13;11350;
2018-07-31;137,16;137,18;138,92;139,24;136,80;136,80;137,564;4605770;633595004,3;8916;
2018-07-30;139,52;139,56;139,00;140,64;138,06;139,28;139,238;2814380;391866329,55;5928;
2018-07-27;138,38;138,44;138,78;139,14;137,42;138,66;138,383;2544392;352100992,07;4792;
2018-07-26;138,80;138,84;138,50;139,54;137,78;138,94;138,793;2362726;327924793,46;4968;
2018-07-25;138,14;138,16;137,66;139,16;137,66;138,10;138,201;2272553;314068324,58;4751;
2018-07-24;137,86;137,92;138,54;139,08;137,86;138,22;138,245;2540948;351290310,69;4168;
2018-07-23;138,16;138,20;138,66;139,54;137,90;138,30;138,421;2246986;311046550,43;5483;
2018-07-20;138,60;138,64;137,70;139,46;137,12;138,68;138,468;3680741;509662082,14;7526;
2018-07-19;137,62;137,68;137,30;138,38;136,38;137,60;137,476;3512979;482947161,06;7917;
2018-07-18;137,06;137,12;137,26;139,32;136,70;137,24;137,849;3105717;428126069,3;6968;
2018-07-17;137,10;137,14;136,42;137,72;135,90;137,00;137,004;3250698;445337988,17;6753;
2018-07-16;136,42;136,46;138,74;138,80;135,58;136,42;136,564;3827791;522750755,62;9033;
2018-07-13;138,96;138,98;139,62;140,66;137,98;138,74;138,997;3934529;546889511,72;7814;
2018-07-12;140,00;140,06;139,44;141,62;138,32;140,04;140,13;3676408;515180989,4;7847;
2018-07-11;138,78;138,82;141,00;141,46;138,54;138,94;139,432;5090848;709831658,27;9982;
2018-07-10;141,56;141,62;142,94;143,82;141,04;141,64;142,087;4348137;617836755,92;8736;
2018-07-09;142,86;142,90;140,10;144,44;139,44;142,94;142,512;4781040;681351538,35;10418;
2018-07-06;139,50;139,60;137,82;140,44;137,40;139,56;139,288;4699556;654583484,55;8822;
2018-07-05;137,40;137,42;138,50;139,86;137,02;137,52;138,474;4967160;687817294,55;8057;
2018-07-04;138,64;138,70;138,00;139,66;137,44;138,58;138,58;3511997;486714680,81;6817;
2018-07-03;138,42;138,48;136,50;140,26;135,22;138,46;138,305;7359359;1017821386,55;14334;
2018-07-02;136,34;136,38;132,50;137,00;131,72;136,36;135,452;5700788;772222090,13;14393;
2018-06-29;133,54;133,60;137,10;138,80;130,68;133,50;133,061;12391402;1648773732,19;27919;
2018-06-28;136,96;137,04;129,58;141,36;128,38;137,16;135,934;18985955;2586230141,38;35501;
2018-06-27;134,80;134,88;139,12;139,38;134,60;134,62;136,009;6645645;903868050,35;14204;
2018-06-26;137,58;137,62;138,00;139,68;137,22;137,50;138,179;3694383;510493567,53;8137;
2018-06-25;137,92;137,96;138,00;141,70;136,82;137,96;139,404;5413206;754568008,46;13973;
2018-06-21;138,26;138,32;138,32;140,00;137,32;138,24;138,396;4432097;613387089,64;9363;
2018-06-20;138,12;138,16;138,02;139,22;135,84;138,40;138,088;5282482;729432399,89;11725;
2018-06-19;138,04;138,08;130,56;138,76;130,56;138,00;136,121;7877210;1071755744,75;14946;
2018-06-18;131,84;131,88;133,96;133,96;130,72;132,24;132,088;6232434;824547898,14;13207;
2018-06-15;133,96;134,04;135,30;137,00;133,32;134,02;134,353;12395401;1665188946,73;18866;
2018-06-14;139,86;139,92;143,36;143,38;135,60;140,06;139,604;11717057;1635484202,53;22011;
2018-06-13;144,40;144,46;145,00;145,82;141,32;144,00;143,855;8378690;1205270495,85;17184;
2018-06-12;144,70;144,78;138,10;144,78;138,06;144,54;142,466;10358634;1475508010,83;20582;
2018-06-11;137,58;137,60;134,88;137,70;133,08;137,70;135,951;5579030;757812685,35;11032;
2018-06-08;134,60;134,64;131,90;135,10;131,70;134,60;133,82;5089128;680911903,57;10506;
2018-06-07;132,06;132,12;137,50;137,58;131,04;131,82;132,875;6827301;907044929,61;13315;
2018-06-05;132,94;132,96;133,18;133,82;131,30;132,82;132,719;6797063;901343071,72;8731;
2018-06-04;132,56;132,60;132,66;134,02;131,54;133,02;132,848;4209321;559122733,36;10044;
2018-06-01;132,12;132,18;130,92;133,02;130,16;132,50;132,027;5287566;698103513,21;12223;
2018-05-31;132,62;132,72;137,78;138,48;131,78;132,88;133,492;12848409;1715637922,1;12952;
2018-05-30;137,74;137,78;133,78;137,98;133,32;137,42;136,574;7573284;1035793334,71;12200;
2018-05-29;134,84;134,88;136,90;137,08;132,62;134,84;134,649;7759238;1044752511,2;18004;
2018-05-28;137,66;137,70;140,20;140,46;137,14;137,28;138,589;4146199;574643994,32;10472;
2018-05-25;140,26;140,30;144,20;145,00;139,88;139,88;141,459;6910456;977637393,6;12807;
2018-05-24;144,34;144,38;145,20;145,48;143,82;144,08;144,371;9819854;1417081348,4;14053;
2018-05-23;145,00;145,02;145,00;146,10;143,70;145,10;144,874;4052103;587060287,43;9592;
2018-05-22;145,80;145,84;146,10;146,10;144,04;145,86;145,017;5257563;762350361,06;9358;
2018-05-21;145,70;145,72;144,70;146,24;143,70;145,80;145,566;4473332;650488956,16;8466;
2018-05-18;144,70;144,76;146,74;146,90;143,76;144,62;144,906;6722303;974067752,62;14996;
2018-05-17;146,92;147,00;139,00;147,74;138,04;146,60;144,154;8199511;1182038797,8;15971;
2018-05-16;138,74;138,78;138,06;139,88;136,84;138,92;138,487;5953437;824439734,31;10678;
2018-05-15;138,32;138,36;138,80;140,02;137,50;138,06;138,45;7511765;1040053245,98;13942;
2018-05-14;139,62;139,66;139,38;140,26;138,50;139,26;139,159;5226308;727259508,26;11155;
2018-05-11;138,88;138,92;145,24;145,48;138,24;138,84;140,649;9805247;1378245599,95;20324;
2018-05-09;145,02;145,06;146,00;146,12;144,30;145,24;145,073;4573409;661635217,57;6986;
2018-05-08;149,28;149,30;147,94;149,66;146,76;149,60;148,734;9233527;1373314803,43;18494;
2018-05-07;147,56;147,58;145,50;147,64;144,60;147,50;146,221;4990619;729599648,8;11299;
2018-05-04;145,00;145,02;145,38;146,44;141,30;144,72;144,048;14938636;2153691840,88;31338;
2018-05-03;145,30;145,34;153,20;153,50;144,72;145,18;148,304;14903269;2211484735,08;32287;
2018-05-02;152,98;153,04;150,36;154,12;149,60;153,66;152,253;9695159;1476062593,22;19636;
2018-04-30;149,42;149,44;150,00;150,96;149,12;149,82;149,628;5170983;773724418,58;10037;
2018-04-27;148,54;148,58;144,88;149,40;143,58;148,58;147,478;11445843;1689212094,78;20877;
2018-04-26;143,52;143,54;145,60;147,32;143,06;143,82;145,018;9121273;1322792512,23;20524;
2018-04-25;144,26;144,30;139,44;144,42;139,34;144,42;142,367;12113300;1724475198,43;23265;
2018-04-24;138,86;138,90;137,00;141,38;136,68;139,44;139,423;11264332;1570919180,98;21953;
2018-04-23;136,04;136,10;132,58;136,84;132,32;136,74;135,448;7375888;998857028,57;16071;
2018-04-20;132,40;132,44;136,90;136,90;132,16;132,46;133,858;8291071;1109839753,47;17562;
2018-04-19;135,92;135,98;137,60;137,90;135,50;136,42;136,967;7905846;1083507678,77;11365;
2018-04-18;137,32;137,34;137,00;137,70;136,50;137,00;137,004;2194382;300638323,32;4260;
2018-04-17;136,16;136,20;133,50;137,00;133,26;136,04;135,826;6151778;835344253,85;11106;
2018-04-16;132,86;132,92;135,50;137,14;132,42;133,20;134,77;6907378;930921134,95;14182;
2018-04-13;135,02;135,06;134,50;135,32;132,96;135,20;134,677;7933720;1068842134,07;15565;
2018-04-12;134,04;134,06;130,14;134,38;129,78;134,10;132,898;9113852;1211271178,06;18245;
2018-04-11;130,14;130,18;128,00;130,22;126,66;130,02;129,151;6718389;867664806,07;13338;
2018-04-10;127,96;128,00;126,94;128,04;125,46;128,00;127,07;4650591;590838693,94;8320;
2018-04-09;126,40;126,44;127,44;129,28;126,04;126,30;127,248;5089207;647588938,55;10909;
2018-04-06;125,92;125,96;125,94;126,90;124,80;126,26;125,826;3834853;482527197,38;8360;
2018-04-05;125,68;125,70;125,56;126,96;125,08;125,94;125,898;4403273;554363145,69;8562;
2018-04-04;124,78;124,82;124,28;125,32;123,76;124,60;124,552;5069038;631319042,72;10260;
2018-04-03;124,06;124,08;125,00;125,00;122,86;124,08;123,92;6082481;753738656,08;14605;
2018-03-29;124,86;124,90;123,00;125,18;122,52;125,18;124,296;4578134;569048884,73;9125;
2018-03-28;122,20;122,24;118,86;124,64;117,10;122,34;121,549;12394707;1506641033,4;24833;
2018-03-27;120,80;120,86;122,50;124,38;118,20;120,94;120,314;21693775;2609476727,51;43512;
2018-03-26;127,40;127,44;130,10;130,74;126,96;127,36;128,473;7286193;936018867,99;14663;
2018-03-23;129,04;129,08;125,32;129,34;125,30;129,24;128,072;7119277;911783883,19;16302;
2018-03-22;126,90;126,94;128,04;128,66;125,48;126,76;126,548;7271894;920091849,58;14371;
2018-03-21;128,40;128,44;128,50;129,32;127,70;128,44;128,517;4518542;580715478,94;8953;
2018-03-20;128,40;128,42;128,66;129,36;126,92;128,30;128,131;5696325;729868250,82;12882;
2018-03-19;129,40;129,42;130,98;130,98;129,12;129,16;129,758;5912399;785382691,59;11970;
2018-03-16;131,06;131,10;131,74;133,10;130,96;131,28;131,568;11945524;1571662081,76;13566;
2018-03-15;131,70;131,74;134,00;134,32;129,22;131,82;130,783;17194424;2248726725,09;35199;
2018-03-14;136,50;136,54;135,50;136,84;134,50;136,34;135,99;8007522;1088693190,5;14693;
2018-03-13;135,10;135,12;137,00;138,08;134,70;134,88;136,475;6194877;845662021,69;13346;
2018-03-12;136,52;136,54;136,64;138,22;135,40;136,74;136,633;6758074;923485137,99;14805;
2018-03-09;136,26;136,30;136,94;136,94;135,76;136,20;136,23;5238514;713643718,02;10549;
2018-03-08;136,96;137,00;137,38;137,78;136,36;136,98;137,013;6217981;851938631,58;11697;
2018-03-07;137,18;137,20;135,00;137,20;134,40;137,20;136,111;6443195;877029015,77;13953;
2018-03-06;135,64;135,70;135,00;137,10;134,86;135,76;136,021;5814026;790782553,86;12170;
2018-03-05;133,96;134,00;131,78;134,10;131,42;134,02;133,303;5529586;737012465,28;10625;
2018-03-02;132,08;132,10;133,84;135,52;131,92;131,92;133,146;6790648;904149300,25;14747;
2018-03-01;134,88;134,90;136,96;137,22;134,52;134,90;135,403;6077038;822852497,95;13136;
2018-02-28;137,42;137,44;137,62;138,80;137,42;137,42;137,862;5822626;802733119,08;10332;
2018-02-27;139,00;139,04;139,20;139,74;138,68;139,02;139,177;5234373;728679047,16;7685;
2018-02-26;138,76;138,80;139,00;139,90;138,36;139,02;139,013;4297184;597371308,58;9487;
2018-02-23;138,80;138,86;138,00;139,22;137,78;138,50;138,488;5676902;786183335,66;12628;
2018-02-22;138,64;138,66;141,06;141,22;138,10;138,66;139,343;6694194;932775967,78;13754;
2018-02-21;141,36;141,42;140,42;142,00;139,88;141,50;140,973;4122003;585967180,27;7930;
2018-02-20;140,80;140,82;140,68;141,88;140,60;140,90;141,093;5328052;751792264,32;10774;
2018-02-19;140,46;140,48;141,50;142,02;140,20;140,68;140,935;4845998;687785446,19;9460;
2018-02-16;140,80;140,82;139,50;140,86;138,90;140,76;140,032;7705813;1078819281,54;14380;
2018-02-15;138,90;138,94;135,00;139,10;134,50;139,00;137,803;10800975;1488503159,61;23680;
2018-02-14;135,06;135,10;144,10;146,42;133,54;135,00;137,583;24473691;3367497105,05;55993;
2018-02-13;141,64;141,66;141,46;143,58;140,56;141,56;141,72;8847890;1253692810,92;19885;
2018-02-12;140,66;140,74;140,50;141,56;139,88;140,56;140,538;6523910;916851977,01;14552;
2018-02-09;138,96;139,00;139,82;141,12;138,94;138,94;139,789;6729213;940723428,07;11472;
2018-02-08;140,20;140,24;139,52;141,02;139,16;140,18;140,138;5352287;750059333,68;12075;
2018-02-07;139,58;139,62;138,52;139,90;137,02;139,90;138,732;7147319;991451030,78;12925;
2018-02-06;137,18;137,22;137,00;138,92;135,38;137,30;137,211;11010256;1510752502,96;22638;
2018-02-05;140,60;140,64;141,82;143,88;140,34;140,56;142,205;10518217;1495785574,76;23302;
2018-02-02;142,36;142,42;139,70;143,58;138,70;142,22;140,865;10343128;1456792039,03;20937;
2018-02-01;139,44;139,48;138,62;140,40;136,30;139,52;138,547;13441105;1862363511,94;32228;
2018-01-31;139,36;139,40;160,00;160,12;139,12;139,34;144,902;39958907;5790587127,79;92260;
2018-01-30;155,62;155,68;157,50;158,50;155,50;155,86;156,847;6589102;1033407183,91;14405;
2018-01-29;157,46;157,48;156,90;158,18;156,60;157,54;157,382;5053693;795359440,86;11410;
2018-01-26;156,76;156,80;157,82;158,06;156,50;156,50;157,099;4305045;676334268,55;10659;
2018-01-25;157,16;157,20;157,54;158,48;156,70;157,30;157,435;5123969;806697567,04;11580;
2018-01-24;157,94;157,98;157,98;158,64;157,30;157,68;157,925;4344664;686143568;10428;
2018-01-23;157,40;157,44;156,56;158,42;156,54;157,42;157,709;5059549;797950177,29;11482;
2018-01-22;156,38;156,42;157,84;158,20;156,00;156,56;156,773;5267941;827422983,19;12287;
2018-01-19;157,68;157,70;157,12;158,32;156,70;157,80;157,567;5561698;876342849,98;13011;
2018-01-18;157,10;157,12;157,50;159,06;156,44;157,12;157,625;6470536;1019701006,91;15147;
2018-01-17;157,08;157,14;159,24;159,70;155,74;157,32;157,132;7261531;1141187887,58;17993;
2018-01-16;159,94;159,96;160,36;160,96;159,88;160,14;160,337;3721326;596688310,69;8641;
2018-01-15;160,46;160,50;160,00;161,14;159,60;160,44;160,527;5389223;865271771,58;12590;
2018-01-12;159,94;159,98;159,38;160,36;158,54;160,36;159,862;6620635;1058388924,29;13805;
2018-01-11;159,14;159,20;161,04;161,20;157,94;159,38;159,269;7219872;1149827152,84;17521;
2018-01-10;160,48;160,50;159,72;160,80;159,12;160,80;160,193;6952678;1113801234,24;14962;
2018-01-09;159,64;159,68;161,50;161,60;158,90;159,72;159,967;10208672;1633061938,82;21334;
2018-01-08;163,06;163,12;162,00;166,00;161,86;163,06;163,928;7094767;1163060169,41;16947;
2018-01-05;162,40;162,44;164,50;164,76;160,80;162,90;162,484;6476815;1052330530,03;15719;
2018-01-04;165,08;165,10;168,04;168,42;164,50;165,38;165,607;9124479;1512097340,04;19275;
2018-01-03;167,84;167,94;169,50;172,00;167,30;168,04;169,086;6101081;1031593395,37;15567;
2018-01-02;168,30;168,38;169,24;170,42;167,72;168,92;169,118;6896756;1166357581,7;15451;
2017-12-29;169,50;169,60;170,20;171,40;169,30;169,30;170,119;5424109;922769644,2;10445;
2017-12-28;170,40;170,50;170,10;171,80;169,40;170,70;170,681;3959979;675889689,6;10371;
2017-12-27;169,80;169,90;170,40;171,30;169,30;170,20;170,043;4803602;816815825,85;11565;
2017-12-22;170,20;170,40;170,30;172,80;170,10;170,70;171,246;5369425;919481539,6;13160;
2017-12-21;170,00;170,10;168,40;170,40;168,10;170,20;169,461;5486961;929803236,5;10302;
2017-12-20;167,90;168,00;172,80;173,20;166,90;168,20;169,319;9050284;1533611870,45;19262;
2017-12-19;172,20;172,30;169,20;173,40;168,60;172,10;172,136;10601405;1845870289,9;21834;
2017-12-18;169,20;169,30;173,30;173,30;164,90;170,00;168,197;28912574;4872531562,65;39768;
2017-12-15;173,50;173,60;178,00;180,00;168,50;174,30;173,161;40413793;6997877377,55;82782;
2017-12-14;200,10;200,20;201,90;203,30;199,90;200,30;200,827;4386336;880864750,35;8782;
2017-12-13;202,70;202,80;199,80;203,40;199,50;202,50;201,923;5696259;1150198551,9;12455;
2017-12-12;199,20;199,40;199,60;200,10;197,70;199,70;199,072;3307439;658409502,4;7261;
2017-12-11;199,20;199,30;198,00;200,00;197,30;199,60;198,946;3535102;703285097,3;7325;
2017-12-08;198,10;198,20;196,90;198,80;196,90;198,30;198,219;3356003;665223398,5;7302;
2017-12-07;196,60;196,70;197,60;198,00;196,20;196,70;196,896;2980272;586804791,05;7155;
2017-12-06;197,70;197,80;196,00;200,40;195,70;197,60;197,782;4197217;830133136,4;9859;
2017-12-05;197,40;197,60;195,80;199,10;195,10;197,10;197,049;3798994;748585973,35;9914;
2017-12-04;196,30;196,50;192,90;196,50;191,10;196,20;194,171;4695536;911741163,35;12387;
2017-12-01;195,90;196,10;195,60;197,40;192,90;195,40;195,122;3974907;775584900,6;10017;
2017-11-30;196,40;196,60;197,00;198,50;194,40;197,10;197,026;6744684;1328871471,8;10398;
2017-11-29;194,90;195,00;195,00;195,90;193,50;194,80;194,814;3557387;693031183,6;8087;
2017-11-28;194,20;194,30;191,00;195,70;190,90;194,20;193,931;4507923;874228309,15;11609;
2017-11-27;191,50;191,60;188,50;192,40;188,50;191,20;190,784;4683084;893460469,25;11030;
2017-11-24;189,00;189,10;188,50;190,20;187,60;189,50;189,08;3080496;582460448,8;8209;
2017-11-23;188,90;189,00;190,50;191,60;187,70;188,90;189,244;5733911;1085041577,1;11686;
2017-11-22;191,80;191,90;190,10;192,40;188,90;191,60;190,828;7709404;1471702459,95;18714;
2017-11-21;194,50;194,60;194,00;194,90;191,90;194,60;193,515;7452963;1442001195,8;16722;
2017-11-20;196,50;196,60;196,20;198,10;196,10;196,40;197,035;3433064;676460988,7;8709;
2017-11-17;196,60;196,70;198,20;199,20;194,20;197,00;196,418;9256172;1818087847,7;24616;
2017-11-16;203,00;203,10;202,40;203,80;201,20;202,60;202,828;3278521;664976090,55;8272;
2017-11-15;201,70;201,90;201,20;202,30;199,90;202,00;201,458;3541899;713587828,3;7691;
2017-11-14;202,10;202,30;200,80;202,70;200,50;202,70;201,763;3707861;748443239,45;8354;
2017-11-13;201,40;201,50;200,50;201,90;198,80;201,50;200,116;5074267;1015238200,9;13101;
2017-11-10;204,80;204,90;203,90;206,20;202,20;204,80;204,565;5133147;1050078583,45;11918;
2017-11-09;204,20;204,30;204,80;204,80;202,00;203,90;203,216;4047490;822495768,63;10233;
2017-11-08;204,70;204,90;204,90;205,70;202,10;204,80;204,023;5371902;1095967859,4;14355;
2017-11-07;204,90;205,00;209,00;209,20;204,70;204,70;206,456;4766035;984161352,5;10783;
2017-11-06;209,00;209,10;209,50;209,90;208,50;209,00;209,038;3470608;725483020;9305;
2017-11-03;209,20;209,30;208,70;209,50;207,90;209,50;208,776;1916412;400094563,05;5403;
2017-11-02;208,50;208,70;207,20;210,60;207,20;208,30;208,696;4488818;936795785,9;11535;
2017-11-01;207,10;207,20;209,60;209,60;205,60;207,40;206,908;7407570;1532684480,4;19859;
2017-10-31;210,00;210,20;217,30;218,00;209,80;210,20;212,519;8736303;1856597906,45;20485;
2017-10-30;217,20;217,40;215,70;218,20;214,60;217,40;216,813;3804112;824783433,55;8925;
2017-10-27;215,40;215,50;214,80;217,50;214,30;216,00;216,279;4381895;947712306;10702;
2017-10-26;214,00;214,10;212,00;215,50;209,60;214,20;212,921;5150224;1096575658,45;16628;
2017-10-25;213,40;213,50;214,10;215,50;213,10;213,90;214,158;3059343;655184041,2;7060;
2017-10-24;214,30;214,40;214,10;215,80;213,50;214,40;214,761;3789756;814574547,45;9268;
2017-10-23;215,00;215,10;216,00;217,90;214,50;214,50;215,836;3557528;767672495,1;8571;
2017-10-20;216,50;216,60;215,00;217,20;213,70;217,10;215,91;5258865;1135454628,7;10506;
2017-10-19;214,40;214,60;214,80;214,90;213,20;214,20;214,084;3647568;780884916,85;8550;
2017-10-18;214,50;214,70;215,00;216,90;214,50;214,80;215,474;2995344;645417210,8;7536;
2017-10-17;215,70;215,80;218,20;219,60;215,00;215,00;216,621;5004568;1084098175,18;10122;
2017-10-16;219,00;219,10;220,20;220,80;218,20;219,00;219,203;2654768;581926268;7454;
2017-10-13;221,40;221,50;222,00;223,00;220,20;221,20;221,531;3280128;726649052,2;9020;
2017-10-12;221,60;221,70;219,20;222,20;219,20;221,50;221,239;4357027;964022252,9;10216;
2017-10-11;219,20;219,40;217,30;219,60;216,70;219,30;218,489;2615442;571444376,2;7111;
2017-10-10;217,70;217,90;219,00;219,50;216,80;217,40;217,92;2879469;627438271,2;7274;
2017-10-09;218,90;219,00;216,90;220,30;216,80;219,00;219,148;4073151;892606032,95;11016;
2017-10-06;216,70;216,80;216,40;217,30;214,50;216,90;215,723;4092731;882892785,65;9879;
2017-10-05;217,40;217,50;217,90;221,30;217,10;217,70;218,938;5179443;1134028904,45;13183;
2017-10-04;217,10;217,30;214,60;217,70;214,30;217,30;216,618;4170779;903583165,15;9595;
2017-10-03;214,20;214,40;211,30;215,70;210,90;214,60;213,597;4575001;977203307,95;12112;
2017-10-02;211,00;211,10;210,00;211,60;207,90;211,40;210,544;3679924;774787095,45;10466;
2017-09-29;210,80;210,90;209,70;211,10;207,10;211,00;209,325;8280062;1733153689,15;19646;
2017-09-28;210,90;211,00;219,00;219,00;206,50;211,10;210,804;16727413;3526374267,85;37583;
2017-09-27;221,90;222,10;220,80;222,50;218,20;222,40;220,686;5217277;1151388806,85;13040;
2017-09-26;220,50;220,60;221,70;222,40;219,60;220,80;220,638;3851481;849829141,85;9115;
2017-09-25;222,10;222,30;218,70;222,70;218,30;222,50;220,913;4505783;995389188,7;11887;
2017-09-22;218,70;218,80;218,00;219,50;217,50;219,00;218,556;2926792;639668809,7;7367;
2017-09-21;218,10;218,20;220,00;220,90;217,30;218,30;218,686;3599318;787119261,25;8969;
2017-09-20;219,00;219,10;213,20;219,40;212,40;219,00;217,297;5140630;1117085462,25;12519;
2017-09-19;213,70;213,90;214,00;215,20;213,20;213,60;214,123;2912411;623612099,75;7234;
2017-09-18;214,50;214,60;218,40;218,50;213,70;214,70;215,009;5478543;1177797784,7;12093;
2017-09-15;216,90;217,10;213,30;220,00;213,20;217,00;217,69;11699075;2547052611,85;27211;
2017-09-14;213,30;213,50;209,80;213,60;208,90;213,40;212,116;6260472;1327934477,6;13995;
2017-09-13;209,40;209,50;209,10;210,70;207,80;209,30;209,025;3849296;804600070,95;9937;
2017-09-12;209,90;210,10;208,70;210,20;207,20;209,90;208,958;4277520;893771870,2;10825;
2017-09-11;208,00;208,10;206,10;209,50;206,00;207,90;208,016;6806499;1415839914,35;17374;
2017-09-08;201,70;201,80;202,60;203,10;200,00;202,00;201,444;3978300;801401930,6;11296;
2017-09-07;202,70;202,80;201,30;203,30;199,40;202,70;201,697;5557622;1121098377,05;13945;
2017-09-06;199,40;199,60;198,40;200,20;195,70;199,80;198,206;5226358;1035877231,7;13449;
2017-09-05;199,30;199,40;199,30;200,50;197,00;199,00;198,467;5853848;1161827401,8;15554;
2017-09-04;198,70;198,80;198,00;201,20;197,30;199,00;199,253;4421658;881034914,65;14355;
2017-09-01;200,70;200,80;200,00;203,70;199,30;200,70;201,11;6485815;1304323327,05;18442;
2017-08-31;200,90;201,00;203,00;203,50;199,90;201,00;200,992;5055203;1016053780,05;14098;
2017-08-30;202,40;202,60;204,00;204,00;200,20;203,00;201,843;6059740;1223116990,55;15657;
2017-08-29;203,00;203,10;204,70;205,30;202,60;202,90;203,40;4113033;836582245,15;10947;
2017-08-28;205,20;205,30;204,50;207,10;204,50;205,40;205,833;2646239;544685369,55;7863;
2017-08-25;206,00;206,20;208,10;208,40;205,80;206,10;206,795;3348219;692398354,6;9825;
2017-08-24;208,00;208,10;205,10;208,40;204,20;207,90;206,228;5904684;1217474644,7;14246;
2017-08-23;206,00;206,20;209,60;209,60;205,70;206,60;206,918;5119148;1059229518,95;11788;
2017-08-22;209,50;209,70;209,40;210,50;207,40;209,80;209,15;5163421;1079854324,31;10867;
2017-08-21;208,10;208,20;209,00;209,50;206,60;208,10;208,028;3679114;766140449,55;9553;
2017-08-18;209,40;209,60;210,60;211,00;208,40;209,50;209,503;4007326;839545046,1;11092;
2017-08-17;211,80;212,00;214,00;214,20;211,70;211,80;212,393;3551786;754374744,9;10317;
2017-08-16;214,30;214,40;215,50;215,90;213,60;214,60;214,687;3656272;784953526,1;9611;
2017-08-15;215,50;215,60;219,30;219,90;215,40;215,60;216,621;2610845;565556404,1;7559;
2017-08-14;218,20;218,30;218,40;219,20;217,30;218,70;218,184;2135467;465927399,65;5645;
2017-08-11;217,30;217,50;218,60;219,00;216,60;217,30;217,623;2779910;604970785,2;7818;
2017-08-10;220,10;220,20;221,20;221,40;219,00;219,90;220,011;2173619;478221362,55;6340;
2017-08-09;221,00;221,20;221,10;221,80;218,30;221,60;220,319;3259183;718060049,05;8894;
2017-08-08;222,10;222,20;224,20;224,50;221,90;222,00;222,987;2846735;634786295,4;7355;
2017-08-07;224,70;224,80;224,50;225,40;222,60;224,40;224,274;3136608;703430112,85;9123;
2017-08-04;223,70;223,80;222,90;225,20;221,20;223,90;223,705;2661716;595440269,6;7966;
2017-08-03;222,50;222,60;224,90;227,70;222,40;222,50;224,755;5495442;1235107156,8;15678;
2017-08-02;224,10;224,20;219,30;225,70;218,40;224,80;223,039;7524446;1678229378,75;17979;
2017-08-01;217,20;217,30;210,80;217,90;209,70;217,10;214,955;5416467;1164148479,5;13616;
2017-07-31;210,60;210,70;213,30;213,30;210,20;210,50;211,106;2913556;615068301,7;8072;
2017-07-28;213,20;213,40;214,50;214,90;212,00;213,30;213,171;2433199;518687136,2;7377;
2017-07-27;214,40;214,60;214,00;215,50;212,70;214,50;214,486;2249665;482522149,25;6279;
2017-07-26;213,60;213,80;211,20;214,10;211,10;213,90;213,322;2680685;571848859,5;7137;
2017-07-25;211,60;211,80;214,00;215,10;211,00;211,60;212,275;3629458;770632562,2;9556;
2017-07-24;213,60;213,70;219,10;219,90;212,80;213,30;214,826;4596976;987200121,4;11037;
2017-07-21;218,90;219,10;219,00;221,30;218,10;218,90;219,531;4318536;948105418;10022;
2017-07-20;220,10;220,20;219,00;221,80;219,00;219,90;220,289;3779930;832679400,45;9849;
2017-07-19;218,70;218,80;218,30;219,70;215,70;218,50;217,437;4127986;897565428,85;10350;
2017-07-18;217,50;217,70;217,00;220,20;217,00;217,30;218,58;6770097;1479832743,7;15118;
2017-07-17;217,70;217,80;212,40;218,70;212,00;217,80;216,182;6580203;1422505858,05;15995;
2017-07-14;211,00;211,20;211,30;212,80;209,80;211,20;211,152;2872844;606499197,1;7027;
2017-07-13;211,20;211,40;208,00;211,70;208,00;211,20;210,472;3621695;762264729,2;8562;
2017-07-12;207,80;207,90;207,90;208,70;206,40;207,90;207,414;2896420;600769224,9;8676;
2017-07-11;207,50;207,60;208,30;209,50;207,10;207,70;208,167;3068639;638789856,5;8494;
2017-07-10;208,90;209,00;214,00;214,30;207,90;208,50;209,952;4150939;871489486,3;10743;
2017-07-07;212,90;213,00;213,70;214,30;211,90;212,90;213,12;2580636;549973924,65;6951;
2017-07-06;213,20;213,30;212,90;215,00;212,90;213,60;213,865;3762107;804603065,05;9171;
2017-07-05;213,40;213,60;210,00;214,30;209,60;212,90;212,399;4710882;1000577459,3;9979;
2017-07-04;210,60;210,80;213,70;214,80;209,20;210,10;211,705;7460120;1579335183,1;14610;
2017-07-03;214,30;214,40;211,00;215,60;211,00;214,60;214,229;5914830;1267106169,3;15099;
2017-06-30;209,80;209,90;210,00;215,90;209,70;209,90;212,854;9813241;2088790048,95;22602;
2017-06-29;210,40;210,60;214,80;216,20;200,30;210,20;209,045;21858068;4570578561,45;50224;
2017-06-28;203,90;204,00;200,50;204,60;200,00;204,60;203,076;6690319;1358015820,15;15180;
2017-06-27;200,80;200,90;204,80;204,90;200,70;200,70;202,242;4662401;942879065,75;11353;
2017-06-26;204,30;204,50;204,00;205,80;203,60;204,30;204,519;4525442;925537682,5;12207;
2017-06-22;203,00;203,10;200,60;203,50;200,40;203,50;202,688;4982548;1009664611,85;10654;
2017-06-21;200,80;201,00;202,50;202,50;200,40;201,00;201,128;4530433;911195546,8;11125;
2017-06-20;202,90;203,00;203,10;205,70;202,50;202,50;204,427;5674803;1160186174;12069;
2017-06-19;202,50;202,60;202,00;202,90;200,30;202,70;201,749;5504112;1122638101;13609;
2017-06-16;201,10;201,20;200,50;202,80;200,00;201,40;201,298;7638042;1537542935,15;18130;
2017-06-15;200,60;200,70;207,80;208,90;199,60;200,50;202,855;14815988;3005481950,35;40928;
2017-06-14;212,30;212,50;214,00;214,80;212,20;212,20;213,403;4485779;957300320,75;11793;
2017-06-13;213,30;213,40;208,20;214,60;206,80;213,20;211,301;7117906;1504643329,85;16983;
2017-06-12;207,30;207,40;206,00;209,20;205,90;207,50;207,877;4871459;1012665224,85;13705;
2017-06-09;206,50;206,60;208,50;208,50;206,00;206,60;206,88;5309671;1098460667,6;14080;
2017-06-08;208,00;208,10;209,10;209,50;205,70;208,60;207,552;9180840;1905385832,35;25385;
2017-06-07;210,30;210,40;213,90;214,00;209,10;209,90;210,974;10565897;2229113270,9;30475;
2017-06-05;216,80;217,00;219,00;219,20;216,80;217,00;217,811;2195731;478256767;7897;
2017-06-02;218,20;218,30;218,00;219,50;217,50;218,60;218,502;4483022;979412107,55;10784;
2017-06-01;217,60;217,70;215,60;218,70;214,00;217,60;216,347;4483600;969988011,95;13359;
2017-05-31;216,80;216,90;220,00;220,00;216,50;216,50;217,765;6387974;1391046019,75;16901;
2017-05-30;220,30;220,40;222,00;223,10;220,10;220,10;221,119;5000777;1105779353,8;13614;
2017-05-29;222,40;222,50;223,70;224,00;220,40;222,80;222,139;4243662;942683969,4;11510;
2017-05-26;223,40;223,50;226,20;226,20;223,40;223,70;224,53;3935000;883522819,6;11240;
2017-05-24;226,60;226,70;226,60;226,80;223,70;226,50;225,547;4399195;992223365,35;11357;
2017-05-23;227,80;227,90;227,50;229,60;227,10;227,60;228,205;7431510;1695907833,15;13593;
2017-05-22;227,20;227,40;222,00;228,80;220,90;227,00;226,256;8376964;1896937250,95;20026;
2017-05-19;221,80;221,90;219,10;222,20;218,00;221,70;220,301;5805556;1278937104,15;13916;
2017-05-18;218,20;218,40;218,40;220,00;217,60;218,30;218,70;4936797;1079700425,45;13140;
2017-05-17;218,90;219,10;218,80;219,50;217,40;219,10;218,751;4937280;1080020850,34;12566;
2017-05-16;218,70;218,90;220,00;220,20;217,00;219,20;219,004;5391638;1180796463,9;13224;
2017-05-15;219,00;219,20;218,70;220,30;217,60;219,40;219,256;5558734;1218797015,05;14843;
2017-05-12;218,60;218,70;214,00;218,70;213,50;218,60;217,295;4390836;954038999,95;10448;
2017-05-11;213,30;213,40;213,40;214,20;211,80;213,40;213,425;5605943;1196556686,1;13635;
2017-05-10;217,30;217,40;215,40;218,20;213,90;216,70;216,562;8767042;1898592811,5;20551;
2017-05-09;218,90;219,00;220,30;220,30;217,70;219,00;218,746;3963656;867036277,45;10657;
2017-05-08;219,40;219,50;218,00;220,20;217,30;219,20;218,862;5001514;1094653874;12540;
2017-05-05;215,30;215,50;213,50;217,10;213,30;215,70;215,285;5554526;1195737029,35;15371;
2017-05-04;213,20;213,40;218,50;218,80;212,80;213,20;215,229;6119189;1317004687;15778;
2017-05-03;217,50;217,70;217,20;218,90;216,80;218,10;217,867;3133970;682788139,8;9215;
2017-05-02;216,70;216,80;219,40;219,50;216,30;217,20;217,347;4413797;959330697,35;13066;
2017-04-28;219,50;219,60;218,70;221,00;218,20;219,40;219,60;3605483;791763263,9;9910;
2017-04-27;218,70;218,90;220,00;220,60;217,50;219,10;218,766;4027936;881173614,95;11872;
2017-04-26;219,50;219,60;220,70;220,90;219,10;220,00;219,927;3232264;710861677,05;10218;
2017-04-25;220,20;220,30;222,30;222,40;220,10;220,70;220,735;3343979;738140623,85;10509;
2017-04-24;220,90;221,00;220,00;221,70;219,20;221,20;220,74;5239060;1165431943,25;12380;
2017-04-21;217,30;217,40;216,30;218,20;215,40;217,10;217,076;3745134;812977303;12050;
2017-04-20;216,20;216,30;217,40;217,50;216,10;216,40;216,767;2908551;630477975,5;8463;
2017-04-19;217,40;217,50;216,40;219,40;216,30;217,50;217,887;4071819;887195485,8;12158;
2017-04-18;218,00;218,10;218,80;219,50;215,40;218,50;217,342;5916128;1285654424,05;17611;
2017-04-13;218,20;218,30;219,50;219,90;217,90;218,70;218,829;1923094;420843835,05;5371;
2017-04-12;219,30;219,40;219,00;221,20;218,60;219,70;219,705;3558473;781813242,25;10424;
2017-04-11;218,80;218,90;219,00;219,20;218,00;218,90;218,588;2694182;588916355,45;8354;
2017-04-10;219,20;219,30;218,90;219,50;217,50;219,50;218,763;3719579;813994443,75;10962;
2017-04-07;218,90;219,00;218,70;219,10;216,90;218,30;217,937;6260551;1364491110,4;15700;
2017-04-06;219,00;219,10;219,00;219,80;217,80;219,10;218,923;4835554;1058612502,95;13789;
2017-04-05;219,50;219,60;223,70;223,90;218,60;219,30;220,756;7439085;1642333434,45;20158;
2017-04-04;223,80;223,90;223,10;224,80;221,40;223,70;223,091;4707793;1050277526,15;12444;
2017-04-03;223,50;223,60;228,20;228,80;223,50;223,50;225,212;6298623;1418542037;14169;
2017-03-31;229,00;229,20;223,80;230,10;222,50;229,00;226,805;7375349;1672752799,45;20157;
2017-03-30;227,30;227,50;244,00;245,80;221,50;227,70;228,952;18800523;4304685160,35;53645;
2017-03-29;236,70;236,80;235,40;237,80;235,20;237,20;236,688;4764024;1127599982,55;12770;
2017-03-28;235,30;235,40;235,00;235,60;233,50;235,40;234,739;3088007;724866780,05;8808;
2017-03-27;234,40;234,60;232,60;234,80;230,70;234,80;233,23;3806974;887894828,9;11802;
2017-03-24;232,60;232,80;232,80;233,00;229,60;233,00;231,843;3342005;774829527,3;10205;
2017-03-23;232,90;233,00;227,00;233,50;226,40;232,90;231,245;5445358;1256442152,15;13261;
2017-03-22;227,40;227,50;227,90;229,10;226,20;227,30;227,611;3302763;751831863,95;9922;
2017-03-21;228,60;228,70;228,50;230,60;227,70;228,80;228,986;4173868;955728451,35;12135;
2017-03-20;228,30;228,50;228,00;230,10;227,20;228,50;228,945;4490800;1035627881,8;12687;
2017-03-17;230,30;230,40;228,40;230,80;228,10;230,40;229,681;6296958;1446167770,55;17134;
2017-03-16;230,30;230,40;234,10;236,00;230,00;231,30;232,80;6796114;1582424380,8;19419;
2017-03-15;233,80;233,90;238,70;239,40;233,50;234,00;235,054;11234877;2641059924,2;31691;
2017-03-14;246,40;246,50;244,00;246,70;242,80;246,50;245,171;4429053;1085525125,2;10645;
2017-03-13;245,30;245,40;242,40;245,80;242,10;244,90;244,30;2935018;717021788,75;8176;
2017-03-10;241,60;241,70;241,60;243,10;241,20;241,70;241,737;2514393;607822301,75;7134;
2017-03-09;241,20;241,30;240,10;242,40;239,70;241,50;241,35;2106444;508390574,3;6409;
2017-03-08;240,40;240,50;240,00;242,30;239,30;240,70;240,826;2774089;668073090,4;8027;
2017-03-07;239,70;239,80;239,90;240,80;238,50;240,00;239,562;2778265;665566467,9;8173;
2017-03-06;239,90;240,00;237,50;240,90;237,10;239,80;239,444;2466938;590690212,45;8490;
2017-03-03;237,10;237,20;237,40;238,20;236,10;237,50;237,109;2340801;555025343,75;8446;
2017-03-02;237,40;237,50;239,90;240,60;237,20;237,70;238,404;2378077;566941682,15;8332;
2017-03-01;239,80;239,90;239,40;241,40;238,90;239,90;240,267;2719384;653378418,4;8753;
2017-02-28;238,90;239,00;237,50;239,50;237,50;238,60;238,578;3311655;790195737,9;9023;
2017-02-27;237,00;237,10;239,30;240,40;235,80;237,00;237,50;3593722;853518868,25;13148;
2017-02-24;238,60;238,70;245,10;245,70;238,10;238,50;240,583;5441011;1309032068,35;15986;
2017-02-23;246,30;246,40;244,30;246,50;243,70;246,10;245,049;2407908;590064097,9;7275;
2017-02-22;244,30;244,40;246,30;247,00;244,10;244,30;245,297;2496299;612334503,85;7209;
2017-02-21;246,30;246,40;244,30;246,70;243,50;246,20;245,204;2649448;649654214,4;7709;
2017-02-20;243,90;244,10;244,30;245,20;243,40;243,80;244,061;2500769;610727841,05;5603;
2017-02-17;243,50;243,70;243,40;244,30;241,40;243,20;242,764;2824745;685746537,9;7676;
2017-02-16;243,20;243,30;242,60;244,00;241,00;243,40;242,596;3096258;751140390,75;9714;
2017-02-15;242,00;242,10;246,00;246,20;241,20;242,50;242,73;4105547;996545596,95;11395;
2017-02-14;245,90;246,00;246,40;246,50;244,90;245,90;245,857;2054321;505066617,55;6681;
2017-02-13;245,90;246,00;247,50;248,00;244,70;246,10;245,771;2703330;664406820,1;8802;
2017-02-10;246,90;247,00;247,00;248,80;246,30;247,00;247,304;3581658;885757104,95;8595;
2017-02-09;245,40;245,50;244,00;246,10;243,00;246,10;245,264;2806196;688257883,25;7829;
2017-02-08;243,40;243,50;242,60;243,70;241,20;243,70;242,887;2163304;525446694;7040;
2017-02-07;242,00;242,10;242,80;244,50;241,50;241,70;242,767;2452725;595445108,4;7786;
2017-02-06;242,70;242,80;245,40;245,40;242,50;242,90;243,368;2538054;617499223,2;8125;
2017-02-03;245,80;245,90;246,20;248,70;244,80;245,40;246,456;3645328;898454847,4;11374;
2017-02-02;246,40;246,60;246,00;246,60;243,50;246,10;245,22;3734075;915663863,95;11378;
2017-02-01;245,60;245,70;250,00;251,00;245,70;245,90;248,513;5300975;1317410581,55;14061;
2017-01-31;250,30;250,40;249,80;252,60;247,00;250,00;250,03;12457854;3115374263,15;29474;
2017-01-30;236,50;236,60;234,00;237,30;233,60;236,80;235,738;4753183;1120505785,5;12697;
2017-01-27;234,20;234,30;235,00;235,60;232,60;234,20;233,999;3619223;846886378,5;12059;
2017-01-26;234,60;234,70;236,20;237,40;234,40;235,00;235,933;6196616;1462035204,81;15868;
2017-01-25;239,70;239,80;236,60;241,00;235,50;240,20;239,107;3612282;863557108,2;11759;
2017-01-24;234,80;234,90;235,00;235,80;232,90;235,00;234,578;3608906;846577972,6;13533;
2017-01-23;234,60;234,70;241,20;241,30;234,10;234,60;236,223;6529672;1544069425,6;20877;
2017-01-20;242,40;242,50;243,50;244,10;241,40;242,20;242,382;3663865;888086770,1;10751;
2017-01-19;243,80;243,90;245,60;246,50;243,20;243,70;244,339;2670942;652616167,6;6565;
2017-01-18;245,60;245,70;245,60;247,00;245,10;245,90;246,061;2889547;711005248,35;7797;
2017-01-17;245,50;245,60;242,90;246,00;241,40;245,60;244,402;3558027;869586163,6;9809;
2017-01-16;242,40;242,50;243,70;245,20;241,10;242,90;243,196;5854510;1423926804,93;17252;
2017-01-13;249,80;249,90;246,40;250,00;245,70;249,80;248,407;3319873;824673857,55;9985;
2017-01-12;246,00;246,10;244,10;248,70;243,20;245,50;246,268;4083536;1005650527,95;11316;
2017-01-11;243,70;243,80;243,00;244,60;241,80;243,30;243,289;3537666;860840483,73;9516;
2017-01-10;243,90;244,00;246,80;247,40;243,60;243,70;244,584;2828648;691848676,5;9423;
2017-01-09;246,10;246,20;245,00;246,30;244,30;246,20;245,429;3547015;870538622,7;11101;
2017-01-05;245,00;245,20;246,50;246,50;243,50;245,20;245,015;2005115;491296815,15;7444;
2017-01-04;246,80;246,90;251,10;251,10;245,10;246,90;247,61;4312256;1067794311,8;14816;
2017-01-03;251,10;251,20;251,00;252,90;249,10;251,60;251,107;5082997;1276319991,5;15445;
2017-01-02;253,40;253,50;252,80;255,10;252,60;253,60;253,953;1459860;370734000,85;5246;
2016-12-30;254,20;254,30;253,80;254,30;251,50;253,40;253,233;2980582;754782843,3;7202;
2016-12-29;254,00;254,20;255,60;256,20;254,00;254,30;254,828;1786765;455316529,1;5964;
2016-12-28;256,10;256,20;255,00;256,90;254,70;256,20;256,104;1913033;489936099,2;7183;
2016-12-27;255,20;255,30;254,00;256,20;253,90;255,30;254,945;1464949;373480054,4;5516;
2016-12-23;254,00;254,20;253,30;254,90;252,40;253,80;253,684;1618544;410598978,95;5541;
2016-12-22;253,40;253,50;251,80;254,30;251,20;253,70;252,955;2355693;595882617,75;7745;
2016-12-21;252,40;252,60;255,20;255,60;251,20;252,30;252,909;3598988;910218042,07;11800;
2016-12-20;256,30;256,50;255,80;257,00;254,00;256,00;255,679;5080426;1304221729,9;11691;
2016-12-19;259,00;259,20;258,20;259,30;257,00;258,90;258,347;3808055;982749140,85;8446;
2016-12-16;259,30;259,40;258,40;259,90;256,60;258,30;258,17;7320768;1889941202,8;17281;
2016-12-15;259,40;259,60;259,90;262,30;255,50;259,90;258,646;11376935;2942566449,35;33461;
2016-12-14;271,20;271,30;276,00;276,90;270,40;271,10;272,618;4449261;1212952338,65;11159;
2016-12-13;276,70;276,90;273,70;276,90;273,60;276,00;275,40;3017140;830942606,2;9186;
2016-12-12;274,50;274,60;275,90;276,50;272,70;274,10;274,024;4068260;1114800745,3;9579;
2016-12-09;276,40;276,60;270,60;276,60;270,40;275,90;274,807;4067658;1117663229,7;10954;
2016-12-08;270,30;270,40;269,50;270,90;267,90;270,90;269,698;2815441;759318635,3;8829;
2016-12-07;267,70;267,80;266,60;268,10;265,20;267,80;266,954;3084631;823593650,75;9171;
2016-12-06;265,20;265,40;267,20;267,40;264,70;265,50;265,682;2865356;761275542,2;6670;
2016-12-05;267,40;267,50;263,70;268,40;263,50;267,20;267,046;2374151;634022750,4;7295;
2016-12-02;264,00;264,10;265,20;265,40;260,00;263,70;262,38;3683924;966608910,55;10603;
2016-12-01;266,10;266,20;267,50;267,50;265,00;266,10;266,116;2421499;644365811,25;7350;
2016-11-30;268,40;268,60;267,30;270,20;267,00;267,90;268,218;4354038;1167829606,85;6575;
2016-11-29;267,40;267,60;268,00;270,70;265,70;268,00;268,209;2748768;737242082,3;9284;
2016-11-28;267,90;268,00;271,30;271,80;267,50;267,90;269,22;2445774;658330296,15;7842;
2016-11-25;271,20;271,30;270,30;271,70;268,30;271,70;270,196;2010408;543190792;5892;
2016-11-24;270,60;270,70;269,30;270,90;267,20;270,30;269,51;2137268;576079729,5;5792;
2016-11-23;268,80;268,90;269,60;272,80;267,50;268,70;269,994;2454723;661863640,65;6687;
2016-11-22;268,20;268,30;270,60;271,90;268,20;268,30;269,198;2345776;631477134,15;7149;
2016-11-21;269,10;269,20;271,20;271,50;265,70;269,10;269,158;2933487;789732300,05;9180;
2016-11-18;270,90;271,00;268,00;272,30;267,50;270,40;270,332;4577889;1237555526,65;13434;
2016-11-17;268,10;268,30;260,00;268,90;259,60;268,30;266,285;4049575;1078379369,66;11977;
2016-11-16;260,40;260,50;264,30;264,30;258,10;260,10;260,352;3026788;788160773,55;10124;
2016-11-15;263,40;263,60;255,00;263,80;254,90;263,60;260,457;5005831;1303571659,75;13358;
2016-11-14;251,40;251,50;252,80;257,90;250,30;251,60;253,062;3953514;1000534377,8;12151;
2016-11-11;251,00;251,10;250,90;254,40;250,60;250,70;252,188;3520732;887885636,25;9811;
2016-11-10;249,50;249,60;257,50;257,50;248,40;249,40;252,019;4389636;1106482293,3;12775;
2016-11-09;255,40;255,60;251,00;255,80;250,30;255,60;253,066;5420524;1371716967,7;17242;
2016-11-08;258,30;258,40;256,10;258,60;254,60;258,10;257,164;2225443;572302748,8;6461;
2016-11-07;255,90;256,10;254,70;256,70;253,40;255,40;255,216;2242248;572255298;6421;
2016-11-04;252,30;252,50;255,00;255,00;251,80;252,50;252,855;1272900;321861922,2;4110;
2016-11-03;256,00;256,10;250,50;256,50;250,50;255,50;254,884;2466337;628630347,1;7800;
2016-11-02;250,90;251,00;253,50;254,40;250,80;250,80;252,268;2172211;547978514,55;6207;
2016-11-01;254,20;254,30;255,20;257,50;253,90;253,90;255,232;2024526;516724417,4;6728;
2016-10-31;253,60;253,70;256,40;256,80;253,60;254,10;254,548;2558408;651235952;7490;
2016-10-28;257,10;257,20;254,40;257,40;253,50;257,00;255,856;1931313;494129479,15;6496;
2016-10-27;255,30;255,40;254,50;255,80;252,40;255,60;254,405;2001277;509097458,5;5908;
2016-10-26;254,60;254,70;254,90;256,10;251,50;254,30;253,367;2308786;585286191,65;8911;
2016-10-25;254,60;254,80;258,00;258,70;253,80;254,70;256,374;2203955;565035787,55;7202;
2016-10-24;257,40;257,50;260,50;262,60;257,10;257,10;259,059;2390669;619957390,8;7253;
2016-10-21;259,80;259,90;259,50;260,30;257,00;259,80;258,764;2722426;704436674,05;7257;
2016-10-20;259,00;259,10;255,90;259,20;254,70;259,10;257,732;2702922;696629298,1;7415;
2016-10-19;255,90;256,00;257,20;257,30;254,30;255,50;255,512;2399587;613107347,95;7066;
2016-10-18;256,60;256,80;254,90;257,50;254,20;256,60;256,561;2674051;686062283,25;7923;
2016-10-17;252,90;253,10;258,50;259,30;252,80;253,30;255,045;3801955;969734258,05;11376;
2016-10-14;258,90;259,00;256,00;259,30;255,70;258,50;257,857;3850900;992880060,63;10410;
2016-10-13;252,70;252,80;254,50;254,50;250,00;252,50;252,569;2949243;744888095,95;9119;
2016-10-12;255,70;255,90;250,80;257,20;250,80;254,70;255,115;4153901;1059772212,75;11044;
2016-10-11;251,20;251,30;251,30;252,70;250,20;251,20;251,51;2929217;736761760;8517;
2016-10-10;251,80;251,90;246,00;252,00;245,00;251,40;249,27;2965347;739206082,05;9207;
2016-10-07;245,50;245,60;249,40;249,50;245,20;245,50;246,385;3232329;796396625,25;9880;
2016-10-06;250,40;250,50;251,00;251,10;247,20;250,40;249,443;3093239;771469833,05;8091;
2016-10-05;249,40;249,50;246,10;250,60;245,10;249,70;248,178;3849547;955381259,85;10933;
2016-10-04;247,70;247,80;242,20;248,00;241,00;247,40;245,028;3164472;775368703,4;8457;
2016-10-03;242,00;242,10;240,00;242,50;238,20;242,00;240,874;3484261;839264762,05;14515;
2016-09-30;242,20;242,30;244,60;252,70;239,20;242,00;244,012;10191479;2487159321,3;32007;
2016-09-29;248,80;248,90;249,30;251,20;246,70;249,10;248,628;3083967;766795401,41;9347;
2016-09-28;247,50;247,60;248,10;249,00;247,20;247,70;248,058;2474325;613695362,3;6727;
2016-09-27;246,70;246,90;246,00;248,20;243,70;246,90;246,03;3165621;778938423,95;10127;
2016-09-26;244,30;244,50;248,30;248,30;243,90;244,50;245,11;3910807;973964106,9;11102;
2016-09-23;248,50;248,60;250,40;250,50;248,00;248,50;248,769;1995992;496539573,7;6892;
2016-09-22;250,40;250,50;248,00;250,80;247,20;250,40;249,686;3021100;754268727,01;9285;
2016-09-21;246,90;247,00;248,00;250,30;246,40;246,80;248,531;3033251;753856446,95;11240;
2016-09-20;245,90;246,00;247,60;247,60;245,60;246,00;246,569;2014565;496734514,5;6927;
2016-09-19;247,10;247,20;247,00;248,30;245,80;247,60;247,078;3062519;749778310,57;7623;
2016-09-16;246,10;246,20;248,00;249,40;245,00;245,70;246,203;5269438;1297359518,5;14593;
2016-09-15;247,80;248,00;253,00;253,90;247,40;248,10;250,178;6299999;1576144524,85;21908;
2016-09-14;259,20;259,30;261,10;261,30;258,10;259,20;259,068;2331264;603954959,55;7379;
2016-09-13;260,80;261,00;262,10;263,50;259,70;260,60;260,742;1949701;508368143,85;6267;
2016-09-12;262,10;262,20;261,90;262,40;258,70;261,80;260,612;2213120;576771747,3;8160;
2016-09-09;265,00;265,10;268,20;268,20;263,80;265,00;265,28;2374053;629789892,2;7465;
2016-09-08;268,80;269,00;268,20;269,10;265,60;268,70;267,735;2416702;647029685,5;7521;
2016-09-07;268,10;268,20;269,10;269,60;267,80;268,10;268,192;2466195;661413286,1;7064;
2016-09-06;268,30;268,50;268,00;270,30;267,10;268,20;268,414;1958512;525693510,3;6612;
2016-09-05;265,90;266,00;265,60;266,70;265,00;265,70;265,795;1312598;348881722,95;4971;
2016-09-02;264,20;264,40;262,40;264,90;262,20;264,90;263,912;2266166;598065479,3;6510;
2016-09-01;262,00;262,10;264,90;264,90;261,60;261,90;262,902;2025399;532400921,45;6799;
2016-08-31;261,30;261,40;261,50;263,10;261,00;261,00;261,83;2305979;603744598,08;7364;
2016-08-30;262,30;262,40;263,40;264,40;262,30;262,60;263,195;1557205;409849014,1;6299;
2016-08-29;261,30;261,40;261,50;262,80;258,80;261,90;261,279;1705777;445683112,95;6442;
2016-08-26;262,00;262,10;265,90;265,90;260,00;262,30;262,163;4214959;1104983128,5;13603;
2016-08-25;268,90;269,00;269,70;270,60;268,50;268,50;269,092;1268086;341231442,7;4536;
2016-08-24;270,80;270,90;271,00;271,50;269,00;270,50;270,587;3300349;891857339,25;4863;
2016-08-23;271,70;271,80;269,40;272,50;268,60;271,60;271,483;1805636;487954075,15;4922;
2016-08-22;267,50;267,70;269,90;271,70;267,50;268,10;269,259;1729145;465337050,65;5933;
2016-08-19;269,40;269,50;270,70;271,50;267,40;269,70;268,867;2317977;623198449,15;6324;
2016-08-18;270,30;270,50;269,00;271,30;268,40;270,40;270,198;1498652;404932523,3;4752;
2016-08-17;267,50;267,60;273,50;274,70;266,20;267,40;268,515;2764644;742345034,45;7958;
2016-08-16;274,00;274,20;277,50;277,50;272,70;273,20;273,788;2658162;727783431,95;7731;
2016-08-15;277,50;277,60;275,40;279,90;275,20;277,40;277,683;3786215;1051344245,35;12648;
2016-08-12;271,40;271,50;272,90;273,80;271,40;271,60;272,37;2342075;637914155,4;8595;
2016-08-11;272,60;272,70;264,20;273,20;263,30;272,90;269,816;3650737;985025831;12279;
2016-08-10;263,20;263,30;261,00;265,50;259,40;263,20;263,478;2394071;630795221,65;7598;
2016-08-09;262,40;262,50;255,10;262,80;255,10;262,70;259,906;2508112;651865581,05;7271;
2016-08-08;255,60;255,70;256,20;257,00;255,10;255,70;255,924;1325993;339354224,75;5132;
2016-08-05;255,60;255,80;252,20;256,10;250,80;255,30;253,403;2035889;515894044,65;6147;
2016-08-04;248,80;249,00;250,10;250,50;248,10;249,50;249,153;1759920;438489264,8;5528;
2016-08-03;248,80;249,00;251,30;251,90;248,50;248,80;249,55;1585115;395564050,3;6430;
2016-08-02;251,60;251,80;256,70;256,70;251,30;251,30;253,016;1947201;492823619,6;6183;
2016-08-01;256,80;256,90;259,70;260,30;255,60;256,60;257,722;1722463;443904733,95;6834;
2016-07-29;259,10;259,30;256,40;259,20;256,00;258,50;257,91;1426352;367870079,4;4375;
2016-07-28;256,20;256,30;257,00;259,20;255,70;255,70;256,82;1383895;355411704,3;4651;
2016-07-27;256,50;256,60;259,30;260,10;256,50;256,80;258,276;1474497;380826632;5376;
2016-07-26;257,70;257,90;260,10;260,60;253,70;257,50;257,014;2152016;553100127,15;7529;
2016-07-25;259,00;259,10;259,50;262,00;258,90;259,00;260,059;1580836;411111352,2;5472;
2016-07-22;258,70;258,80;261,50;261,90;257,80;258,70;259,141;1817966;471107914,5;5394;
2016-07-21;261,70;261,90;264,70;265,00;260,80;261,70;262,162;1842899;483125653,35;6324;
2016-07-20;263,70;263,90;261,10;264,00;260,40;264,00;262,707;2281155;599255054,93;6218;
2016-07-19;260,30;260,40;259,80;261,00;258,80;260,40;260,051;1488025;387046441,25;4681;
2016-07-18;260,10;260,30;260,40;262,50;258,10;260,00;259,701;2249294;583585341,59;7018;
2016-07-15;260,40;260,50;258,00;261,90;257,00;260,40;260,288;3210140;835564417,75;8214;
2016-07-14;258,30;258,40;260,30;262,30;258,10;258,10;259,393;2481156;643864123;7133;
2016-07-13;260,00;260,10;258,20;262,20;257,30;260,00;260,027;2076845;540051129,6;6794;
2016-07-12;258,10;258,20;258,80;259,20;256,50;258,20;258,138;2276178;587568974,8;8024;
2016-07-11;258,70;258,80;253,70;259,40;253,10;258,80;256,547;2542012;652131895,6;8293;
2016-07-08;252,80;253,00;248,20;254,00;247,60;252,90;251,707;2210065;556297374,5;6707;
2016-07-07;248,10;248,30;246,80;250,60;246,70;248,60;248,80;1832270;455868142,05;6147;
2016-07-06;244,90;245,10;248,00;250,00;242,90;245,00;245,552;2746293;674356888,65;9589;
2016-07-05;249,10;249,20;249,40;250,40;247,30;249,00;248,879;2408774;599491877,05;8304;
2016-07-04;250,60;250,70;254,00;254,90;250,30;250,80;251,805;1762464;443798498,1;7508;
2016-07-01;251,50;251,70;248,50;252,30;247,30;252,00;250,174;2667452;667099650,75;8519;
2016-06-30;245,30;245,50;246,10;247,30;243,20;246,50;246,023;3365179;827862186,75;8845;
2016-06-29;245,60;245,70;244,90;246,50;242,20;246,10;245,00;3153420;772492754,35;10013;
2016-06-28;243,00;243,10;242,00;243,10;239,40;242,00;241,402;4340543;1047773546;14749;
2016-06-27;236,50;236,60;235,00;241,70;234,50;236,60;238,545;10010968;2388453860,35;37627;
2016-06-23;256,60;256,70;253,00;258,10;252,20;256,70;256,02;4799228;1228696754,4;14801;
2016-06-22;253,10;253,20;253,40;256,50;246,20;253,60;251,694;5116136;1287722392,95;16461;
2016-06-21;250,30;250,50;252,60;252,60;247,30;250,60;249,892;4616078;1184207084,4;10732;
2016-06-20;252,70;252,90;249,20;252,90;248,40;252,80;251,117;3354786;843367050,17;10412;
2016-06-17;244,80;244,90;241,40;244,80;240,20;244,60;243,197;5776566;1406758450,6;9935;
2016-06-16;239,30;239,40;244,80;244,80;239,00;239,70;240,93;4328068;1042684976,35;13728;
2016-06-15;248,10;248,20;243,30;248,30;243,20;247,80;246,307;4813535;1185302437;15164;
2016-06-14;243,40;243,50;242,00;243,80;238,50;242,20;241,757;4656331;1125147848,1;15244;
2016-06-13;244,50;244,60;243,90;245,30;242,60;243,80;243,739;3092795;753865573,55;12313;
2016-06-10;246,70;246,80;250,30;251,90;246,30;246,70;248,332;2898217;719708519,3;12272;
2016-06-09;251,60;251,70;255,30;255,40;251,20;251,20;252,21;3282195;828029725,85;8303;
2016-06-08;254,50;254,70;256,50;256,70;254,20;255,00;255,308;1866831;476614424,75;5991;
2016-06-07;256,30;256,40;255,20;257,00;254,90;256,50;256,275;2170466;556238673,59;7653;
2016-06-03;252,80;252,90;253,50;257,00;250,60;253,20;254,058;3492322;887568055,35;10076;
2016-06-02;252,20;252,40;251,70;252,60;249,50;252,20;251,41;2666131;670286146,3;10175;
2016-06-01;251,60;251,70;254,90;255,20;250,80;251,70;252,467;2864312;723140423,7;11854;
2016-05-31;255,50;255,70;261,20;261,90;255,40;256,00;258,07;3793655;979203936,47;9508;
2016-05-30;260,40;260,50;259,00;261,00;257,00;261,00;259,129;1666730;431959839,4;6415;
2016-05-27;258,20;258,30;256,60;258,90;256,10;258,70;257,794;2471597;636991192;7541;
2016-05-26;256,70;256,80;255,00;258,30;254,70;257,40;256,578;2865758;735287263,4;9589;
2016-05-25;254,60;254,80;259,90;260,00;254,40;255,00;256,663;2941376;754952176,9;9967;
2016-05-24;258,20;258,30;253,60;258,40;252,00;257,90;255,378;4145221;1072606639,2;10525;
2016-05-23;253,90;254,00;258,00;258,40;253,50;254,00;254,888;3151260;804230623,35;10577;
2016-05-20;257,40;257,50;257,00;259,20;256,40;257,60;257,69;3101022;799103611,35;10225;
2016-05-19;256,10;256,20;262,80;262,80;255,40;255,80;257,092;5397685;1387709752,65;18826;
2016-05-18;264,20;264,40;261,50;264,70;260,40;264,70;262,644;3211206;843278272,51;9932;
2016-05-17;261,50;261,60;266,00;268,80;260,70;261,50;263,833;3078732;812269689,85;11293;
2016-05-16;265,20;265,30;260,80;265,90;260,00;265,70;262,851;2864424;752920158,95;10052;
2016-05-13;264,10;264,20;262,00;265,00;260,10;265,00;263,085;4153095;1092631920,8;10859;
2016-05-12;262,30;262,40;265,00;266,80;261,80;262,40;264,03;3221777;850625021,7;10583;
2016-05-11;265,90;266,00;271,80;272,50;265,00;265,50;267,843;3113613;833951759,65;9461;
2016-05-10;269,90;270,00;275,00;275,00;269,40;270,10;271,674;2748770;746821207,9;8352;
2016-05-09;272,50;272,70;267,50;274,00;267,00;272,70;272,002;3509696;954649634,3;11699;
2016-05-06;265,40;265,60;268,60;268,60;264,90;265,40;265,90;3517836;935393000,7;14284;
2016-05-04;268,90;269,00;272,70;273,00;268,70;268,80;270,776;1923577;520846080,1;6901;
2016-05-03;281,70;281,90;285,80;285,80;280,00;281,40;281,639;3700405;1042183695,15;11557;
2016-05-02;287,40;287,50;286,40;289,50;285,00;286,80;287,095;2827781;813651842,75;7230;
2016-04-29;285,40;285,60;289,10;289,10;283,40;285,50;285,676;3607418;1030548308,8;9216;
2016-04-28;290,10;290,30;290,10;290,60;284,20;290,10;287,518;3303532;949817002,21;11396;
2016-04-27;293,60;293,70;295,90;296,30;293,00;294,00;294,333;1840287;541656439,3;6756;
2016-04-26;296,40;296,60;297,70;299,10;294,70;296,00;296,915;1791097;531802824,15;6748;
2016-04-25;297,00;297,20;299,60;300,50;295,60;297,30;297,171;2190001;650780674,3;6991;
2016-04-22;300,30;300,50;301,80;302,50;298,30;299,70;300,163;2223060;668427277,05;5389;
2016-04-21;303,40;303,50;304,20;305,10;300,60;303,10;302,905;1838426;556841848;6978;
2016-04-20;303,80;304,00;302,50;304,00;299,00;303,90;302,056;2068801;624892932,2;6060;
2016-04-19;303,20;303,30;298,70;305,00;298,20;303,00;302,609;2900959;873084249,15;8822;
2016-04-18;296,80;297,00;293,90;298,50;292,50;296,40;296,285;3355823;991302486,9;7838;
2016-04-15;295,10;295,30;293,50;298,40;293,20;295,10;295,754;3150931;931903037,05;8977;
2016-04-14;292,10;292,30;296,20;297,50;291,50;292,40;293,932;2788220;819570876,09;8268;
2016-04-13;295,00;295,20;296,10;298,60;293,70;295,70;296,282;4558701;1351041327,2;13256;
2016-04-12;288,70;288,80;289,00;289,00;286,40;288,80;287,762;3931951;1131184889,55;7233;
2016-04-11;289,10;289,30;287,40;290,40;286,00;289,00;288,549;2696408;777995942;7476;
2016-04-08;288,10;288,20;281,50;288,40;280,30;288,00;285,546;4879531;1393380697,9;12141;
2016-04-07;280,00;280,20;279,60;281,20;275,60;279,90;279,31;5198570;1451999311,9;11494;
2016-04-06;279,60;279,70;269,20;279,90;267,10;279,60;275,091;5908385;1625344451,2;16882;
2016-04-05;264,40;264,60;270,10;270,40;264,50;265,20;266,09;2958819;787297142,87;8702;
2016-04-04;270,50;270,70;268,50;271,00;266,70;270,70;269,135;2815965;757875775,1;9685;
2016-04-01;268,50;268,60;270,00;270,30;265,40;269,30;268,04;3151771;844800612,45;11248;
2016-03-31;270,20;270,30;272,80;273,60;270,00;270,70;271,257;3299449;894371394,5;8469;
2016-03-30;273,40;273,50;269,60;274,40;268,10;273,00;272,267;2461643;670239216,75;7707;
2016-03-29;267,90;268,10;266,80;268,70;265,80;267,70;267,28;2252709;602104920,2;8463;
2016-03-24;266,70;266,80;267,50;268,70;266,20;266,20;267,591;1500595;402383550,35;4637;
2016-03-23;269,80;270,00;271,50;273,30;269,60;270,50;270,983;3606931;976272281,25;8138;
2016-03-22;270,00;270,10;269,40;270,30;263,60;270,30;268,247;4876716;1340939927,9;10509;
2016-03-21;269,30;269,40;272,50;272,50;269,00;269,30;270,095;3700681;1004247025,2;9731;
2016-03-18;273,80;274,00;274,20;274,80;269,40;273,90;272,587;6677698;1819497042,5;17473;
2016-03-17;277,60;277,80;282,10;282,40;274,20;278,00;277,397;3523389;977381621,1;10401;
2016-03-16;279,10;279,30;284,80;285,50;278,70;279,20;280,994;3490030;980506145,6;10004;
2016-03-15;284,10;284,20;289,90;290,20;283,40;284,50;285,206;3841806;1095695839,62;11736;
2016-03-14;294,00;294,20;291,60;294,30;290,40;293,30;292,682;2623048;767610946,55;8005;
2016-03-11;289,70;289,80;288,80;290,90;286,90;289,60;289,139;1901820;549891164,7;5475;
2016-03-10;285,10;285,30;291,00;293,80;285,00;285,30;288,933;2895043;836535365,85;8492;
2016-03-09;290,70;290,90;288,00;292,00;286,80;291,30;290,601;1881722;546846891,3;5139;
2016-03-08;289,00;289,20;288,70;289,90;286,20;289,00;288,528;1795581;517920252,5;5001;
2016-03-07;290,00;290,20;290,10;290,80;287,00;290,80;289,219;1561040;451669943,2;4850;
2016-03-04;290,10;290,30;284,50;292,30;283,40;290,10;289,09;2732497;789762728,9;7429;
2016-03-03;283,50;283,60;283,40;283,80;281,40;283,50;282,762;1833006;518304092,8;5390;
2016-03-02;281,90;282,10;283,80;284,60;279,80;282,30;282,50;1943708;549097360,15;6730;
2016-03-01;283,90;284,00;278,80;284,20;277,00;283,40;281,889;2313034;651984381,2;7361;
2016-02-29;279,70;279,90;278,80;280,00;273,50;279,10;277,489;2173575;603125830,3;6683;
2016-02-26;279,30;279,40;279,90;282,70;278,70;279,20;280,086;2081620;582297077,2;7919;
2016-02-25;276,20;276,40;273,40;276,90;269,80;276,90;273,966;2870690;786411704,9;8806;
2016-02-24;270,80;271,00;280,00;280,20;270,60;271,40;274,073;2510132;691981116,1;8263;
2016-02-23;279,60;279,70;284,80;285,00;279,40;279,40;281,428;2346138;660869838,29;6203;
2016-02-22;285,00;285,20;285,70;289,00;285,00;285,70;286,508;1988197;568385081,9;6055;
2016-02-19;283,40;283,60;282,50;284,00;280,20;283,90;282,713;3467529;980023439,3;7789;
2016-02-18;283,50;283,70;288,00;288,10;283,30;284,00;285,334;2393825;683040410,95;8413;
2016-02-17;285,10;285,30;278,10;286,10;277,20;286,10;283,602;2759265;782501866,25;8324;
2016-02-16;274,60;274,80;279,70;280,70;274,20;275,50;276,221;2293519;633521300;7167;
2016-02-15;277,60;277,70;274,70;278,30;271,90;278,30;276,794;2717277;752074942,13;6946;
2016-02-12;268,20;268,40;268,80;269,30;266,50;269,00;268,273;2965944;795659551,52;8178;
2016-02-11;266,50;266,60;270,90;270,90;264,90;265,50;267,104;3980593;1063471311,82;12338;
2016-02-10;273,30;273,60;270,60;273,70;268,60;272,80;271,656;4208053;1143034094,75;11852;
2016-02-09;264,20;264,40;262,00;265,50;259,80;264,10;262,749;3417686;898094845,81;10527;
2016-02-08;260,70;260,80;270,70;271,60;260,30;261,00;263,816;3115809;822069310,8;9845;
2016-02-05;270,60;270,80;269,00;272,60;268,20;270,70;270,749;2953049;799535960,9;9668;
2016-02-04;269,30;269,50;272,80;275,70;263,80;269,30;268,675;4004710;1075944720,5;13187;
2016-02-03;268,70;268,90;273,80;276,90;268,10;269,20;271,634;3619097;983202635;10362;
2016-02-02;273,30;273,40;278,40;278,90;272,40;273,70;274,895;2970574;816615340,25;11630;
2016-02-01;277,70;277,90;281,00;281,50;276,90;278,40;278,653;3132382;872846899,2;11279;
2016-01-29;279,00;279,20;283,70;285,20;275,20;279,40;278,918;4788635;1335526025,95;15673;
2016-01-28;282,10;282,30;291,00;291,30;278,50;282,00;283,471;7151202;2027136949,05;22447;
2016-01-27;296,10;296,20;293,30;296,40;290,40;296,10;293,689;2480215;728396498,2;8291;
2016-01-26;293,10;293,20;288,60;293,50;287,70;293,30;290,868;2632599;765690608,05;7412;
2016-01-25;292,60;292,70;295,60;295,90;290,90;292,80;292,818;2617659;768129619,8;7260;
2016-01-22;294,60;294,80;289,80;295,30;287,50;295,30;292,896;3753150;1099193767,08;11639;
2016-01-21;284,60;284,70;281,60;287,80;279,50;284,90;283,91;3490564;990809919,36;11784;
2016-01-20;281,30;281,50;282,80;284,70;279,80;280,70;281,372;4186183;1178082325,12;14039;
2016-01-19;288,20;288,30;281,00;289,60;280,40;288,90;287,155;3958463;1147627475,8;11418;
2016-01-18;275,50;275,70;276,80;278,80;273,20;275,30;275,84;2747774;766128421,55;9466;
2016-01-15;277,20;277,30;281,00;285,80;275,40;276,70;279,588;5410179;1512627846,35;16364;
2016-01-14;275,50;275,70;279,30;279,30;274,30;275,20;276,135;3842620;1061084429,6;13520;
2016-01-13;281,00;281,20;282,90;284,50;280,50;281,10;282,105;3161518;892024678,81;10720;
2016-01-12;279,00;279,20;278,90;284,40;278,30;279,40;281,241;2210749;622016622,8;7623;
2016-01-11;277,60;277,70;280,00;281,70;276,60;277,70;279,144;2361499;659200569,9;10545;
2016-01-08;281,10;281,30;281,10;285,30;280,20;280,50;282,142;2858404;806625969,35;10891;
2016-01-07;280,20;280,30;283,90;283,90;274,10;280,40;278,969;6841986;1906610297,1;21536;
2016-01-05;284,80;284,90;289,80;289,80;283,80;284,60;285,928;2251033;643899186,97;7929;
2016-01-04;286,20;286,30;298,70;298,70;286,20;286,20;289,396;4539055;1313646706,75;16917;
2015-12-30;303,30;303,50;302,20;303,50;300,50;302,10;301,853;1696998;512243407,7;4975;
2015-12-29;301,70;301,90;299,60;301,90;299,10;301,80;301,191;1656395;503533119,3;4465;
2015-12-28;298,30;298,50;301,40;302,30;297,80;298,20;299,65;1136217;340582427,05;4443;
2015-12-23;299,60;299,70;298,90;300,80;298,00;300,00;299,628;2009426;605273153,1;6114;
2015-12-22;296,00;296,20;298,70;299,20;295,30;295,60;296,662;2007271;595482309,6;6592;
2015-12-21;298,80;299,00;300,00;303,40;298,10;298,10;300,495;2046353;617036444,35;6390;
2015-12-18;299,90;300,10;301,20;303,30;298,10;299,70;300,154;3250579;975675520,42;9163;
2015-12-17;301,50;301,70;305,10;308,20;300,60;301,50;303,786;3146764;956363322,49;8778;
2015-12-16;302,90;303,00;305,70;306,60;301,50;302,60;303,56;3264859;990967489,35;9939;
2015-12-15;306,10;306,20;294,10;306,30;292,20;305,20;302,16;4032645;1218154116,64;12411;
2015-12-14;295,00;295,20;299,70;301,40;295,00;295,50;298,147;2945603;878632940,33;9593;
2015-12-11;299,20;299,30;301,30;304,00;297,70;298,20;299,707;3891958;1166459336,55;14898;
2015-12-10;302,80;303,00;307,50;307,50;301,70;302,40;303,046;2609664;791371324,21;9387;
2015-12-09;308,30;308,40;312,20;313,20;304,70;307,00;307,765;4471101;1377916085;10971;
2015-12-08;311,50;311,70;319,00;319,50;309,50;310,70;312,729;3056540;955851941,75;10735;
2015-12-07;319,90;320,10;319,30;321,70;318,40;319,60;320,322;2380543;762592956,95;6842;
2015-12-04;316,70;316,90;318,20;318,80;314,40;316,30;316,491;2452846;776300732,75;8293;
2015-12-03;319,40;319,50;321,10;327,80;319,00;319,00;322,315;4042952;1302134362,25;12286;
2015-12-02;325,30;325,50;322,80;325,60;319,00;324,50;322,681;3112497;1004338485,95;9875;
2015-12-01;326,20;326,30;325,00;328,60;324,70;325,70;326,283;2165713;706646300,75;7472;
2015-11-30;324,00;324,20;319,00;324,50;318,40;323,50;323,122;2810243;908161119,45;6700;
2015-11-27;319,70;319,80;318,50;320,50;317,00;319,50;319,338;1167012;372673196,4;4905;
2015-11-26;0;0;316,30;319,70;315,20;319,00;317,908;2208288;701784666,9;7650;
2015-11-25;318,70;318,80;314,20;319,20;314,10;318,10;317,272;2068769;656184394,4;5382;
2015-11-24;313,10;313,20;318,60;318,90;312,00;312,80;314,056;2841143;893016517,53;9419;
2015-11-23;319,10;319,30;323,10;323,10;318,10;318,70;319,697;2019688;645815011,45;6515;
2015-11-20;322,60;322,70;321,40;323,60;319,90;323,60;322,487;2253170;726617461,3;6615;
2015-11-19;320,70;320,80;323,80;325,60;320,10;320,90;322,769;1870025;603595360,1;6485;
2015-11-18;322,30;322,40;321,50;322,70;320,60;322,50;322,181;1750429;563954695,1;5574;
2015-11-17;322,10;322,20;321,50;323,00;320,30;322,60;322,211;2360926;760715100,45;7854;
2015-11-16;317,80;318,00;317,00;319,80;312,00;318,20;317,475;2637278;837234129,15;9411;
2015-11-13;321,10;321,30;325,50;326,50;320,50;321,30;322,627;1745631;563326004,75;6565;
2015-11-12;326,00;326,50;331,50;331,90;326,00;326,00;328,259;1642949;539313955,8;5024;
2015-11-11;331,40;331,60;331,00;333,60;330,40;331,40;331,805;1137488;377424486,8;3976;
2015-11-10;329,80;329,90;330,10;332,00;326,30;329,80;329,064;2295570;756758147,75;5950;
2015-11-09;329,60;329,70;335,10;336,90;329,60;329,60;331,893;1727140;573229050,3;5828;
2015-11-06;335,00;335,10;338,90;339,10;332,30;335,10;334,718;1927086;645034975,7;6485;
2015-11-05;338,40;338,70;331,80;339,90;331,40;338,40;337,093;2938010;990496681,99;7628;
2015-11-04;331,70;331,80;332,00;332,80;330,00;331,80;331,319;2903142;962098955,95;8059;
2015-11-03;330,00;330,10;331,50;332,30;328,50;330,00;330,24;1775074;586200404,9;6299;
2015-11-02;330,90;331,10;328,90;333,70;325,70;331,10;330,84;1580643;522937658,5;5643;
2015-10-30;332,10;332,30;334,00;335,70;330,70;332,30;332,715;862494;286958969,55;2876;
2015-10-29;333,80;334,00;332,30;334,10;329,60;334,00;332,245;1560474;518457388;5935;
2015-10-28;330,70;331,20;331,80;333,50;328,80;331,20;330,812;1757173;581293421,05;4931;
2015-10-27;330,30;330,60;331,90;332,10;328,90;330,30;330,493;2263101;747852797;5018;
2015-10-26;332,00;332,10;333,00;334,10;330,90;332,10;332,25;2043038;678793638,75;5670;
2015-10-23;332,90;333,00;328,90;336,90;328,00;333,00;333,267;3644495;1214183601,69;7655;
2015-10-22;327,30;327,40;320,40;328,40;318,40;327,30;325,079;2640935;858524625,1;7157;
2015-10-21;321,40;321,50;320,00;323,60;318,60;321,40;321,105;1751622;562446428,05;5668;
2015-10-20;319,60;319,70;317,60;319,70;316,10;319,70;318,848;1882705;599118857,55;4941;
2015-10-19;317,00;317,10;313,70;319,90;313,60;317,00;317,268;1880310;596750445,95;6066;
2015-10-16;313,60;314,00;315,10;315,50;311,90;313,60;313,546;2393644;750427843,6;6987;
2015-10-15;313,80;313,90;316,50;317,00;311,80;313,90;313,823;2656650;833825261,6;8288;
2015-10-14;314,60;314,70;314,60;316,40;313,30;314,70;315,059;2099486;661553826,5;6395;
2015-10-13;315,60;315,70;318,00;319,00;315,60;315,60;317,021;2977540;943942602,25;8945;
2015-10-12;314,20;314,50;311,50;315,70;311,50;314,30;313,623;1683863;528094862,25;5517;
2015-10-09;310,80;310,90;310,90;312,30;308,70;310,80;310,521;2400186;745308831,55;7742;
2015-10-08;308,40;308,60;308,10;310,70;307,20;308,50;308,472;1782482;549845164,1;5917;
2015-10-07;308,20;308,30;309,60;310,70;307,40;308,20;308,878;2352123;726518914,05;6745;
2015-10-06;309,20;309,40;309,30;311,30;307,70;309,20;309,313;2000940;618914918,35;6442;
2015-10-05;308,50;308,60;303,00;308,60;301,90;308,60;306,506;2886799;884815770,45;7947;
2015-10-02;299,40;299,50;301,50;303,00;296,30;299,50;299,482;3964269;1187242980,4;11199;
2015-10-01;299,50;299,60;308,10;308,90;297,80;299,50;302,528;2967041;897523503,75;9871;
